"ResponseId","Q341_1","Q341_2","Q341_3","Q341_4","Q341_5","Q341_6","Q341_7","Q341_8","Q341_9","Q341_10","Q341_11","Q341_12","Q341_13","Q341_14","Q341_15","Q341_16","Q341_17","Q341_18","Q341_19","Q341_20","Q341_21","Q341_22","Q341_23","Q341_24","Q341_25","Q341_26","Q341_27","Q341_28","Q341_29","Q341_30","planfulness_mean"
"R_38XVirtBWEjoVTi",3,5,1,5,5,5,5,5,5,5,1,5,5,5,5,5,5,5,5,5,5,5,5,5,1,5,5,5,1,1,4.26666666666667
"R_67qEr703rxZJ9M8",2,5,2,3,4,4,3,4,4,4,5,5,4,2,3,2,2,3,2,3,2,4,3,1,2,4,2,2,4,4,3.13333333333333
"R_5e7vCy3nbA5HC9j",5,4,2,4,4,4,4,4,4,2,4,4,4,4,4,4,4,2,4,2,4,2,4,5,2,4,4,2,4,2,3.53333333333333
"R_6IydxRFiQ2G12Ol",4,4,3,4,5,3,4,4,3,3,2,4,5,3,4,4,3,4,4,4,4,3,4,3,3,3,3,4,2,4,3.56666666666667
"R_30I6tQ8sgkkVyLo",4,4,3,2,4,4,4,4,4,4,3,4,4,4,4,4,4,3,4,4,4,4,3,4,2,3,3,4,4,3,3.63333333333333
"R_6LLp1ZRkT0DD6o1",5,3,2,2,4,2,5,5,4,2,2,2,2,4,5,4,NA,3,4,2,2,2,4,4,1,4,4,4,2,3,NA
"R_1G8GBeF6278PxJ8",5,3,2,2,4,2,4,4,4,2,2,4,2,4,4,4,4,4,4,4,4,2,4,4,2,4,4,3,5,1,3.36666666666667
"R_7cJjMQLtw3wmtMd",5,3,2,3,4,3,3,4,3,1,2,2,1,3,4,4,4,5,3,2,2,3,4,3,2,4,5,4,4,4,3.2
"R_5Q0AnuVkFwBDZ2h",5,5,3,4,5,3,4,4,4,4,4,4,5,3,4,4,4,4,4,4,4,4,2,4,3,4,4,3,3,4,3.86666666666667
"R_6sQGpmhlw3ksmnD",3,3,1,2,2,3,4,4,2,2,1,4,2,2,3,2,3,2,3,2,2,1,4,2,3,4,2,2,2,2,2.46666666666667
"R_3ic3WJgZ6aQnj8d",4,3,2,3,4,4,4,4,3,2,4,4,3,4,4,4,4,2,4,2,2,3,4,4,2,2,4,4,5,2,3.33333333333333
"R_7etRBZ2jsvktJRB",4,5,3,2,4,5,3,4,4,3,1,5,4,2,4,4,3,5,4,4,5,4,4,3,2,4,3,3,4,2,3.56666666666667
"R_6kNhEuyMUlwpF9b",5,4,3,1,4,3,3,3,5,3,4,5,3,3,4,5,4,3,2,4,2,2,4,3,1,4,4,5,4,2,3.4
"R_3qArdP8OJgeCuhb",5,5,5,5,4,1,5,5,5,1,1,5,5,1,5,4,4,5,4,5,2,2,5,4,5,4,4,5,4,5,4
"R_7EavZVcL3A3ZkGa",4,3,2,2,4,2,3,4,4,3,4,3,3,3,4,4,4,2,2,4,2,3,3,2,2,3,2,4,3,2,3
"R_3yf4dJ3L9J2uFp0",3,3,3,3,4,3,4,3,4,2,2,2,2,4,4,5,5,4,4,1,2,2,4,5,1,5,4,5,1,2,3.2
"R_51LUqCwheDpdPHj",4,4,3,4,4,4,3,4,4,2,2,4,4,2,4,5,3,4,4,2,4,4,3,3,2,4,3,2,4,2,3.36666666666667
"R_6hpbXJoC2PPC6KR",4,4,4,4,3,2,3,4,2,2,2,2,3,2,4,4,4,4,4,2,2,2,4,2,4,4,4,4,2,3,3.13333333333333
"R_6oAnB09QwpjNbya",4,3,3,2,3,2,4,3,3,2,3,5,4,4,4,4,4,5,2,3,2,2,3,4,4,4,4,3,4,3,3.33333333333333
"R_5rfrQri9pkYyncF",4,3,3,3,3,3,3,3,3,3,3,3,3,3,3,3,3,3,1,5,5,5,1,3,3,3,3,3,3,3,3.1
"R_6amXYdjgporasOg",4,4,4,4,2,2,4,4,4,2,4,4,4,4,4,2,4,4,2,4,4,4,2,4,2,4,2,2,4,4,3.4
"R_6hGzBQPOAyIbY6Q",4,4,2,2,4,4,4,4,3,4,3,4,4,3,4,4,3,5,2,4,4,3,4,4,1,2,4,4,2,3,3.4
"R_1BwztGYBq2PShpd",5,1,2,4,4,4,4,5,4,4,4,3,4,4,4,4,4,4,4,4,4,4,4,4,4,4,4,5,4,4,3.9
"R_3M5PrJrxz2KW1H8",4,4,3,3,4,4,3,4,4,3,3,3,4,4,3,3,3,3,3,3,4,4,3,2,3,3,2,3,4,4,3.33333333333333
"R_7uDsikm425tlZQb",5,4,5,2,5,4,4,5,4,2,1,4,4,1,4,4,4,4,4,3,4,2,2,2,2,4,4,4,1,2,3.33333333333333
"R_3kS0hUeA2lXUQeU",5,5,1,5,5,1,5,5,5,5,1,5,5,5,5,5,5,1,1,5,5,5,1,4,2,3,4,5,1,5,3.83333333333333
"R_1ffMPw9Rzu6wsur",5,5,3,4,4,4,4,5,4,3,4,3,4,2,5,3,4,4,4,5,5,4,4,4,4,4,4,2,4,4,3.93333333333333
"R_5Kp4Q0WtzeXR8HW",4,3,2,4,4,4,4,4,4,2,2,4,4,5,5,4,4,4,4,4,4,4,2,5,1,4,5,4,3,3,3.66666666666667
"R_6Y0Aokg8bCeYn0R",4,4,5,4,4,3,4,4,4,3,2,3,4,4,4,4,4,2,5,4,4,4,3,4,4,4,4,4,4,3,3.76666666666667
"R_6vdFh4IkYfL2I7L",4,3,3,2,4,4,4,4,4,3,3,3,4,4,4,4,4,3,4,4,4,4,3,4,3,4,4,4,4,4,3.66666666666667
"R_3qju1UW3VVD07L3",5,4,2,2,3,2,3,4,4,1,5,5,1,1,1,1,4,5,3,3,3,1,5,3,3,1,3,5,1,3,2.9
"R_32R1XDSNyTGYVAl",4,4,2,2,4,4,4,4,4,2,4,4,4,4,4,4,4,2,4,2,4,4,2,4,2,4,4,2,2,2,3.33333333333333
"R_17o9bGXX1rzmFRT",5,2,2,3,4,2,4,4,4,3,4,3,4,3,4,3,4,3,4,3,2,4,4,4,3,3,4,3,4,4,3.43333333333333
"R_3EhdoD79VmV1t9i",4,3,4,4,4,4,4,4,4,3,3,4,4,3,4,4,4,4,4,4,4,4,4,4,4,4,4,4,4,3,3.83333333333333
"R_6fksUNreH0F98ia",5,4,4,5,5,3,4,5,5,4,3,4,5,4,5,4,5,5,5,3,5,5,4,5,3,5,5,4,5,5,4.43333333333333
"R_1313um8ltp5qBYF",4,4,2,3,4,2,4,4,4,4,2,2,4,4,4,4,4,4,3,4,2,4,1,4,4,4,4,2,2,3,3.33333333333333
"R_6dMjcWj3GWD8EzO",5,3,2,3,4,4,5,5,5,5,1,4,5,5,5,4,4,1,5,5,2,2,5,3,2,4,4,2,1,5,3.66666666666667
"R_3h0zobr1r6pB7QZ",4,4,3,5,2,3,3,3,2,3,4,4,3,2,2,3,2,5,3,3,2,3,4,3,2,2,4,2,2,2,2.96666666666667
"R_35i5cyfDisIibzX",4,4,2,2,4,2,5,5,5,2,4,3,2,4,4,4,5,3,4,2,2,2,4,4,2,4,4,4,2,5,3.43333333333333
"R_3Eye5Xgk4iKLSaB",5,5,3,4,4,4,4,4,4,5,2,5,5,4,4,5,5,5,5,4,4,4,4,4,5,4,4,4,4,5,4.26666666666667
"R_5dMAqVdv1f99630",4,4,3,3,5,4,5,4,4,4,3,4,4,4,5,5,5,3,5,5,5,5,4,4,3,5,5,4,5,3,4.2
"R_1NRWwynls6gcJuV",4,4,4,4,4,2,4,4,4,4,4,4,4,4,4,3,4,4,4,4,4,4,4,4,4,4,4,4,4,4,3.9
"R_6JxCAWCw1IXgOjz",4,4,3,4,4,2,4,4,4,4,3,4,4,4,4,4,4,3,4,4,4,4,4,4,3,4,4,4,4,4,3.8
"R_7JGl8z4ucGPe4Bb",4,4,4,4,4,4,4,4,4,4,3,4,4,3,4,4,4,3,4,2,4,4,4,4,3,4,4,4,4,3,3.76666666666667
"R_6LNZZghzTUIlyFI",4,4,2,4,4,4,4,4,4,4,2,4,4,4,4,4,4,2,4,4,4,4,4,4,2,4,4,3,2,3,3.6
"R_5U6UiKL17Q36uhX",4,4,2,3,3,4,4,3,3,3,2,4,4,4,4,4,4,3,3,4,4,4,4,3,3,4,4,3,3,2,3.43333333333333
"R_39iXfSSZlU539uC",4,4,4,4,4,4,4,4,4,3,2,3,3,4,4,4,4,3,3,3,3,3,3,4,3,4,4,4,3,4,3.56666666666667
"R_3ISquNyz1s1qspR",5,5,3,2,4,4,5,4,4,4,4,4,5,3,4,4,4,3,4,4,4,4,4,4,3,4,4,2,4,4,3.86666666666667
"R_7g1MtgrksD2Vb4j",4,4,3,4,3,2,4,3,3,5,2,5,5,2,4,4,3,5,3,3,5,5,3,4,3,3,2,3,5,2,3.53333333333333
"R_32nTc41frgcVM61",5,5,3,3,3,4,4,4,3,4,3,4,4,3,4,4,3,4,3,3,4,4,3,3,3,4,3,4,4,3,3.6
"R_3q2xC423oLHuOLB",4,4,4,4,4,4,4,4,3,4,4,4,4,3,4,4,4,3,4,4,4,4,4,4,2,4,3,3,4,2,3.7
"R_78ICdKcMczkIj2l",4,3,2,3,4,1,3,4,3,3,3,5,3,3,3,4,4,3,3,5,3,3,3,4,2,5,3,5,2,3,3.3
"R_6K8zf1Le39U5UCv",3,4,3,5,5,4,5,5,5,5,3,5,5,3,5,5,5,5,5,5,5,5,5,5,5,4,5,4,3,5,4.53333333333333
"R_12KupiIBwBAiAlT",4,3,2,4,4,3,3,4,5,3,4,5,5,4,3,3,4,5,3,2,5,3,4,2,4,3,2,3,3,3,3.5
"R_7itB7zhRgpKX78t",5,4,2,4,5,4,5,5,3,4,4,2,4,4,4,4,4,4,4,4,4,4,4,4,3,4,4,3,4,4,3.9
"R_7aryV0zJJHMF7D1",5,4,2,4,5,5,5,5,5,4,3,4,4,4,4,4,4,3,5,5,5,3,5,4,4,4,4,4,3,4,4.13333333333333
"R_1axWcYgeIg0SLXn",5,5,1,1,5,5,5,5,5,1,5,5,5,5,5,5,5,1,3,5,3,5,1,5,1,5,5,5,1,5,3.93333333333333
"R_7NS6K0ckKzR33xL",5,5,2,2,4,5,5,4,3,5,4,5,5,4,4,5,4,5,4,5,5,5,4,4,2,5,5,5,5,2,4.23333333333333
"R_3ab2B3gcURS6JBa",4,4,3,2,4,4,4,4,3,3,2,3,4,3,4,4,4,4,3,4,4,4,3,4,2,4,4,4,4,3,3.53333333333333
"R_3e7h3H9CmPZFAm5",4,3,2,2,4,4,4,4,4,4,4,4,4,4,4,4,4,4,4,4,4,4,4,4,2,4,4,4,4,4,3.76666666666667
"R_36RZgx00aPw0jBL",5,4,2,4,4,4,5,5,5,5,4,3,5,4,5,4,5,4,5,5,5,4,4,4,4,4,5,4,5,5,4.36666666666667
"R_5I6mQYvdnxvmCHL",4,4,3,3,4,2,4,4,4,4,4,4,4,3,4,4,4,4,4,4,4,4,3,4,4,4,4,4,3,4,3.76666666666667
"R_138L3WxYejGK0Kt",5,4,2,2,4,4,5,4,4,5,3,4,5,4,4,2,4,3,5,5,3,5,4,5,2,4,4,2,5,3,3.83333333333333
"R_7YG545zyuAwH2pz",4,3,4,3,4,5,4,4,4,4,4,3,5,4,4,4,4,3,4,3,5,4,4,4,3,4,3,2,4,4,3.8
"R_5zSejDVfxYjUQrF",5,3,2,4,3,3,3,3,3,4,5,5,4,3,3,3,3,5,4,3,3,3,5,3,3,3,5,3,2,4,3.5
"R_50leIBHtgptrTbI",4,3,2,3,4,3,4,4,4,2,3,4,3,4,4,3,4,4,4,3,4,4,4,2,3,3,4,2,3,3,3.36666666666667
"R_5lACVPPM014Wmwd",5,4,4,4,4,4,4,5,4,4,2,3,3,4,4,3,5,4,5,4,4,4,5,5,4,5,4,5,4,4,4.1
"R_3GnrbByp0pONqKd",4,4,3,2,3,2,3,3,3,3,2,4,4,2,3,2,2,3,2,4,4,3,3,3,2,2,2,4,4,2,2.9
"R_64jC50kf2fwXiOA",4,4,3,3,4,4,4,4,4,4,3,4,4,4,4,4,4,4,4,4,4,4,2,4,3,4,4,4,4,4,3.8
"R_6wjeDONWdHCNJ0q",4,4,4,4,5,4,4,4,4,3,3,4,4,4,4,4,4,4,4,3,3,4,3,3,3,4,4,4,3,3,3.73333333333333
"R_3fk0NLdiIxzKrcD",4,4,4,3,3,4,3,3,3,2,3,5,4,4,4,4,3,4,4,3,4,4,4,4,3,4,4,4,4,3,3.63333333333333
"R_3NeikfJMuZEEHQJ",5,5,1,1,5,2,5,5,5,5,2,5,5,5,5,5,5,2,5,5,5,2,3,5,3,5,5,5,2,5,4.1
"R_5ClKVwFWaPfnpqH",4,5,2,3,3,4,4,4,4,4,4,5,5,3,5,5,4,3,4,4,4,4,1,4,4,3,4,3,5,3,3.8
"R_7471xG7AkXS7wBv",4,5,3,3,4,5,4,4,4,4,2,4,5,4,4,3,4,3,4,5,5,5,4,3,4,4,3,4,4,3,3.9
"R_7JJdmquPgws7SFI",3,4,3,3,3,4,3,3,3,4,4,4,3,2,3,3,3,3,2,3,3,3,3,2,3,2,3,3,4,3,3.06666666666667
"R_5Bqu98WSa3SSJW1",5,4,4,3,4,4,4,4,4,3,3,2,4,3,4,3,4,4,4,4,4,3,4,3,2,4,4,4,4,3,3.63333333333333
"R_531awRduDvVkAjg",3,5,5,2,1,5,3,4,4,5,2,5,5,2,3,4,4,3,1,5,5,5,2,3,2,4,3,4,3,2,3.46666666666667
"R_3I6PL2Bnd5m6YEX",4,5,2,4,4,5,5,4,4,5,2,1,5,4,4,4,5,2,4,4,5,5,3,4,2,1,3,1,5,5,3.7
"R_6SicG1vZUCP2r9B",5,4,4,4,4,4,5,5,5,5,4,4,4,3,5,5,5,3,4,4,5,5,3,4,3,4,4,1,5,5,4.16666666666667
"R_7QKtauf23FclmZj",4,3,2,2,3,4,3,3,4,4,2,3,3,3,4,2,4,3,3,2,3,2,4,2,2,3,2,4,4,2,2.96666666666667
"R_6TZYbwLG4nocXUB",4,4,3,1,4,2,4,4,4,3,4,5,3,3,4,3,4,2,3,4,3,3,4,4,3,4,4,3,3,2,3.36666666666667
"R_1g1vgz3QFgAhwQQ",4,4,2,4,3,4,4,4,3,5,3,4,4,3,4,2,3,4,3,4,4,3,4,4,3,4,3,2,4,3,3.5
"R_11Xp6WTjpIMr4S5",4,2,2,4,4,4,4,4,4,4,4,4,4,4,4,4,4,4,4,4,4,4,4,4,2,4,4,4,4,4,3.8
"R_1PaFNv9vDENJGNE",4,3,3,3,4,4,3,4,4,4,2,4,4,4,4,4,3,2,4,4,4,4,3,4,2,4,3,2,3,2,3.4
"R_6T1wQD1rmx6N3QR",4,3,2,4,1,1,1,2,1,3,4,4,2,3,3,3,2,4,3,2,1,2,3,2,2,3,1,5,4,2,2.56666666666667
"R_5qfOcAw70W5DkiD",5,4,3,4,4,3,5,5,5,4,5,5,5,4,5,4,4,5,5,4,5,5,4,5,4,4,4,4,3,4,4.33333333333333
"R_5uU0dvwVvNPHJte",4,4,4,4,4,4,4,4,4,4,4,4,4,4,4,4,4,4,4,4,4,4,4,4,3,4,4,4,4,4,3.96666666666667
"R_3sFBnxQPk46qH9D",4,3,2,3,4,4,4,4,4,4,3,4,4,4,4,3,4,4,3,4,4,4,3,4,3,4,4,3,4,3,3.63333333333333
"R_6CHWDVch8w52adB",4,5,3,5,4,4,4,4,4,5,5,5,5,1,4,4,4,5,4,5,5,5,4,4,2,3,4,4,3,5,4.1
"R_1xUhPp3zey4FFG9",3,5,4,4,2,4,3,3,3,5,2,4,4,2,3,3,3,4,3,4,4,5,2,4,4,2,3,3,4,3,3.4
"R_5rYdDWufu9FV5mQ",4,3,3,2,3,3,4,3,3,3,3,3,2,3,4,3,3,3,4,3,3,3,3,4,2,4,4,3,3,2,3.1
"R_7hDBH7TkCn3yCFe",4,3,5,1,4,4,4,3,4,2,2,5,4,3,2,3,4,2,3,4,2,4,4,3,3,4,4,4,4,2,3.33333333333333
"R_7qDzfEBhnDwkUJ8",5,4,4,4,4,4,4,4,4,4,4,3,4,3,4,4,4,2,4,3,4,4,4,4,3,5,4,3,4,3,3.8
"R_1eb1NSTKnLSHOX0",5,4,3,4,4,4,4,4,4,3,5,4,4,4,5,3,4,3,3,4,4,3,3,4,4,4,4,4,2,4,3.8
"R_3VDu1BK5ATfisr8",4,5,2,4,5,5,5,4,5,4,3,4,5,5,5,4,4,3,4,5,5,4,4,4,4,5,3,4,5,4,4.23333333333333
"R_5dEluXxdZDk3643",4,4,2,2,4,2,4,4,4,2,2,4,2,2,4,2,4,4,2,4,4,4,4,4,2,4,4,4,4,2,3.26666666666667
"R_5pJspTFI2ecHa13",5,4,3,4,4,4,4,4,4,4,4,4,4,3,4,4,4,4,4,4,4,4,4,4,4,4,5,4,4,4,4
"R_5jq8Mn5ZFB4D9Ch",3,3,3,2,3,3,3,3,3,3,3,3,4,3,3,3,3,3,3,3,4,3,3,3,3,3,3,3,3,3,3.03333333333333
"R_7TcDCk78NjtuyhH",5,4,4,4,4,3,3,5,4,4,2,4,3,3,4,4,4,4,4,3,3,3,2,4,2,4,3,3,4,3,3.53333333333333
"R_7y2UeJqv33Elk96",5,5,3,4,3,4,4,3,4,5,4,5,4,4,4,4,4,4,4,5,4,5,5,5,4,4,4,4,3,2,4.06666666666667
"R_7ukudufgKJgWcOR",4,5,3,5,4,3,4,3,4,5,1,5,5,4,4,3,4,5,4,4,2,3,4,4,3,4,4,4,4,1,3.73333333333333
"R_6EA7PGu3rtmZX6L",4,3,3,3,4,3,3,4,3,4,4,3,3,3,4,3,3,3,4,3,3,5,3,3,3,4,4,4,3,3,3.4
"R_1K8No2eE39sJWrD",3,4,3,3,4,3,3,4,4,3,2,4,4,3,4,5,3,3,3,3,3,4,3,4,3,4,4,3,4,3,3.43333333333333
"R_1DCD2E8uJt0KgNn",4,5,2,3,4,3,4,4,4,4,3,4,4,3,4,3,4,3,4,4,4,4,4,4,3,4,3,4,4,2,3.63333333333333
"R_7gT8lbNyAzSepeV",3,3,1,3,5,3,5,5,3,5,3,5,5,5,5,5,1,5,1,3,5,5,3,1,3,1,3,3,3,1,3.4
"R_1IbzQcUIZ4M9Lqh",4,4,4,4,3,4,4,3,4,4,4,4,4,2,4,3,4,4,3,4,4,4,4,3,4,3,4,3,4,4,3.7
"R_6Mm1oqYQmmdp9lp",2,4,5,3,4,3,5,3,2,3,5,3,2,4,2,3,3,2,3,5,1,3,1,1,3,2,4,5,2,4,3.06666666666667
"R_7smWVJpQ51w4vBv",4,4,2,4,4,2,5,4,4,2,4,4,4,4,4,3,4,4,3,4,4,4,4,4,4,4,4,4,4,4,3.76666666666667
"R_3Eh3FTlsiu0yIEj",5,4,3,4,4,4,4,5,4,4,4,4,4,4,4,3,4,4,4,3,4,4,4,4,3,3,4,4,3,4,3.86666666666667
"R_11Ql7h4eSbog1D9",5,5,4,1,5,5,3,2,5,3,1,5,5,1,5,4,5,1,4,4,2,5,3,4,1,2,2,3,2,4,3.36666666666667
"R_5O1djSg5wX2ZTeE",4,2,3,4,4,2,4,4,4,4,2,2,4,3,4,4,4,3,4,4,4,4,2,4,3,4,4,3,4,4,3.5
"R_3VD59h7RqZYqask",4,4,3,4,4,4,4,4,4,4,3,3,4,4,4,3,4,3,4,3,4,3,4,3,3,4,4,3,3,4,3.63333333333333
"R_6kcwU8P0KpikFoh",5,4,4,4,5,4,4,5,4,4,3,4,4,4,4,4,4,4,4,4,4,4,4,4,4,4,4,4,4,4,4.06666666666667
"R_3WVHRGB2jzC0S41",4,3,3,4,3,2,3,3,3,3,4,3,3,4,3,3,4,3,4,4,4,3,4,4,5,4,3,4,4,3,3.46666666666667
"R_5mPnRERrrGDSR6Y",4,4,3,4,4,4,4,4,4,4,5,4,4,2,4,4,4,4,4,4,4,4,4,4,3,4,4,3,3,3,3.8
"R_6NQdgYBqdshoh00",5,4,1,3,4,4,4,4,4,4,2,4,4,4,4,4,4,3,4,3,4,2,4,4,4,4,4,3,4,3,3.63333333333333
"R_6IUJwxm2U67iepH",3,2,3,3,3,2,3,4,4,2,2,3,2,3,2,2,3,3,3,3,3,3,3,3,3,2,3,3,2,2,2.73333333333333
"R_7AYo58CkpJRMdkl",4,4,2,5,5,4,4,5,4,5,5,5,5,2,4,4,4,5,4,4,4,4,4,3,4,3,2,2,4,4,3.93333333333333
"R_7nT3PFAEZrviE1d",4,5,2,1,5,3,4,4,5,2,4,3,5,3,4,5,3,2,4,4,5,3,2,5,2,3,4,5,5,4,3.66666666666667
"R_7pJpOnRfelnL3Zq",3,5,2,4,4,4,4,4,4,4,4,4,4,4,4,4,4,1,2,4,5,4,2,4,2,4,3,2,4,5,3.6
"R_1Cdbc0YPaonCUCZ",4,4,3,4,4,3,4,4,4,3,3,5,5,3,3,4,4,4,4,3,2,2,3,3,3,4,3,4,3,3,3.5
"R_6e8YopyHShDxzxE",4,3,2,4,4,4,4,4,4,3,4,4,4,4,4,4,4,4,4,4,4,4,4,4,4,4,4,4,4,4,3.86666666666667
"R_10xdJGGJABI6P2o",4,3,3,2,3,3,3,3,3,2,2,4,2,2,4,3,3,4,4,3,3,3,2,2,2,4,4,4,3,2,2.96666666666667
"R_710bC1IOA9cqUpH",5,3,2,1,5,4,4,4,5,4,4,2,4,4,4,5,5,1,5,5,4,4,4,4,1,4,4,5,2,5,3.76666666666667
"R_7qffoiWVZNLKuLx",5,5,3,1,5,3,5,5,5,5,1,1,2,3,5,3,5,1,5,1,3,1,3,5,2,5,5,5,1,1,3.33333333333333
"R_5ixPTr0uHqI2Sfu",4,5,2,3,4,5,4,4,4,5,2,5,5,3,4,4,4,4,4,3,5,5,3,4,3,4,3,3,4,3,3.83333333333333
"R_31db3e0KcsC3Hqp",5,4,4,4,4,4,4,4,4,4,2,4,4,4,4,4,5,3,5,5,5,5,3,4,4,3,3,4,5,4,4.03333333333333
"R_6OV5OalPygdHNAu",5,5,1,3,5,5,5,5,5,5,5,5,5,5,4,5,5,5,5,5,5,5,4,5,4,5,5,5,5,4,4.66666666666667
"R_3q2t6FfZEe7xoEZ",4,5,1,3,4,4,4,3,4,4,2,3,4,3,4,4,3,2,3,4,5,3,3,4,2,3,2,3,3,2,3.26666666666667
"R_5IxYYDGpPqOWuKu",3,4,3,3,3,2,3,3,4,3,4,4,2,2,3,2,4,3,3,3,4,2,2,3,2,4,4,2,2,3,2.96666666666667
"R_3QnqrkQsT6m8gGz",4,5,2,4,5,5,5,5,4,5,5,5,5,4,5,4,4,2,4,5,5,5,4,2,2,1,4,4,4,2,4
"R_5z1vGEvvn03lT3P",5,4,2,4,4,1,4,4,4,1,4,3,1,3,4,2,3,3,4,3,2,2,4,4,3,4,2,4,2,4,3.13333333333333
"R_6aDiWbvge35ZuzB",5,5,1,4,5,5,5,5,5,5,5,5,5,5,5,5,5,5,5,5,5,5,5,5,3,1,5,4,1,5,4.46666666666667
"R_6OH3ea0sEIXNmxJ",4,4,3,3,4,4,4,4,4,4,4,4,4,4,4,4,4,2,4,4,4,4,3,4,3,4,4,3,5,5,3.83333333333333
"R_5kazc22JWzZQONr",4,2,3,3,4,2,3,3,4,1,1,3,3,3,4,3,4,3,5,2,2,3,3,3,3,4,4,5,3,3,3.1
"R_3pS4UGNjUGhIFZT",4,4,2,2,5,2,4,5,4,2,1,4,5,4,4,3,4,5,3,2,5,4,3,4,3,3,4,4,3,4,3.53333333333333
"R_6Ceycu09l7fZXkR",4,4,2,4,4,4,4,4,3,2,4,4,3,2,4,3,4,4,4,4,4,4,4,4,4,4,4,2,3,3,3.56666666666667
"R_3qby870JiO6FspX",4,5,5,5,4,5,4,2,1,5,2,5,5,1,5,4,4,5,3,5,5,5,1,4,5,4,3,3,5,3,3.9
"R_5oYBS1C3GhrvWvN",4,4,2,4,4,4,4,4,4,4,4,4,4,2,4,4,4,5,4,4,5,4,4,4,2,4,4,2,2,4,3.73333333333333
"R_6f0NGQOyPoOxR0c",4,4,4,4,4,4,4,4,4,4,4,4,4,4,4,4,4,4,4,4,4,4,4,4,4,4,4,4,4,4,4
"R_6ULGxCjM2NBYE0x",4,3,3,3,3,4,4,4,3,3,3,3,3,3,4,3,4,3,3,3,3,4,3,3,3,3,4,4,4,3,3.33333333333333
"R_5GlYha5NaGXhs5W",4,5,2,2,4,4,4,4,4,4,2,2,5,3,4,4,4,2,4,5,5,5,4,4,2,2,3,4,5,2,3.6
"R_1QjwkebCB0V213j",4,4,3,3,3,4,3,3,2,4,2,4,4,3,3,3,2,5,3,3,2,3,3,2,4,4,4,2,3,4,3.2
"R_3NTWG9v4ZGTgOBH",5,5,1,1,2,2,4,4,4,1,1,5,5,2,4,4,3,5,4,5,5,5,1,4,1,1,2,4,4,1,3.16666666666667
"R_3GNzZGNnPumekPh",4,4,4,3,4,3,4,4,4,2,4,4,4,3,4,4,4,3,4,4,4,4,2,4,3,4,4,4,4,4,3.7
"R_5j6GBjhiORYOZA4",3,4,3,2,3,4,3,4,4,3,3,2,3,3,4,3,3,4,3,3,4,3,3,3,2,3,3,3,3,3,3.13333333333333
"R_6wS5TpPLUH8BNq9",5,5,4,2,5,3,5,5,5,5,3,5,5,5,5,5,5,5,4,5,4,5,4,4,2,5,5,3,3,2,4.26666666666667
"R_3zYN7dYYBAK9u0O",4,3,2,3,3,2,3,3,3,3,3,4,3,3,3,3,3,4,2,3,2,2,3,3,3,3,3,3,3,3,2.93333333333333
"R_5lyPBW3iNpEU5fW",5,5,3,4,4,4,4,4,4,4,4,4,4,4,4,2,4,5,2,3,1,2,4,4,4,4,4,4,3,4,3.7
"R_7asIJEEywE2iQFv",5,4,2,2,4,3,4,4,4,4,2,3,4,3,4,4,4,3,4,4,4,3,4,4,2,4,4,4,4,4,3.6
"R_7CZgMiBp1j6jcKl",3,2,2,2,3,2,4,3,4,3,2,2,2,2,3,3,3,2,4,3,2,2,4,2,4,3,2,3,3,4,2.76666666666667
"R_5OGZ4I0FqSj0zPX",4,5,4,5,4,4,4,4,4,4,4,5,5,1,5,4,4,5,3,4,5,5,4,4,4,4,2,3,4,4,4.03333333333333
"R_6oMjaAPnBnKkvpL",4,5,5,2,1,5,3,1,1,5,5,2,5,4,3,4,1,2,4,5,2,3,1,1,2,4,1,1,5,1,2.93333333333333
"R_7KiUtrBbZioGZ7X",4,4,3,4,4,4,3,4,4,3,4,4,4,4,4,4,4,4,4,4,4,4,4,4,4,4,4,4,2,4,3.83333333333333
"R_6huzMhFw2Poayvj",5,4,2,5,4,2,4,4,4,4,3,3,4,3,4,4,4,3,4,4,4,4,4,3,4,3,4,4,4,4,3.73333333333333
"R_7VPdEPFK8NVC5lR",4,4,3,3,4,3,4,4,4,4,3,5,4,3,3,4,4,3,3,5,5,4,4,4,2,4,4,3,4,4,3.73333333333333
"R_7j96P5KGC0KLL0s",5,1,4,4,5,4,5,5,5,3,3,2,4,5,5,3,5,3,4,3,4,5,3,4,4,5,4,3,4,4,3.93333333333333
"R_5EnIuaVKtrA7PJK",5,3,3,4,4,4,5,4,5,4,1,4,4,4,5,4,4,2,4,5,3,4,4,3,2,4,4,4,4,2,3.73333333333333
"R_7fa81plYMJGXUzf",4,5,4,2,4,4,4,4,4,2,5,5,4,4,4,4,4,4,4,4,4,4,4,4,2,4,4,4,2,4,3.83333333333333
"R_5MsZxvWgd71QNoJ",4,5,2,3,4,4,4,4,4,3,4,5,5,3,4,3,4,5,3,4,5,5,3,4,2,1,3,4,5,2,3.7
"R_3ruVXKXkCjALiuy",4,4,4,2,4,4,4,3,4,4,2,2,4,4,4,4,4,3,4,4,3,4,4,5,3,4,4,2,4,4,3.63333333333333
"R_3tEZf9k4YY8YABi",4,3,2,4,4,2,3,4,4,2,4,4,3,3,4,3,3,3,4,3,2,2,4,3,3,2,3,4,4,3,3.2
"R_323UDLYL1w6aEOr",4,3,3,1,3,2,2,2,3,2,4,5,3,3,4,2,3,3,3,3,4,2,4,3,1,4,3,4,2,3,2.93333333333333
"R_7QVTSE8Pzkp36lH",4,3,2,3,3,3,3,3,3,3,2,4,4,3,4,4,4,3,3,3,3,4,4,3,2,2,3,3,3,3,3.13333333333333
"R_7XtEGFXxOJgoM93",4,4,4,4,4,3,5,4,3,3,4,4,4,4,4,4,4,4,4,4,4,4,3,4,4,4,4,4,4,4,3.9
"R_1SwA1RGEhCLJZrF",3,5,4,3,4,3,4,3,3,5,4,5,5,3,3,5,3,5,3,5,5,5,3,3,2,3,3,3,3,4,3.73333333333333
"R_7ebuDuMKUIL9zyi",5,4,3,4,4,4,5,5,4,4,3,4,4,3,4,4,4,4,4,4,4,4,3,3,2,3,3,3,4,3,3.73333333333333
"R_5wWzfbWu0jq8Fc5",4,4,2,2,3,2,4,4,4,4,2,2,2,5,4,4,4,4,4,2,2,2,4,4,2,4,5,4,2,2,3.23333333333333
"R_50Ptqz8nPx7YHQD",4,5,3,3,4,4,4,4,4,4,3,4,5,4,4,4,4,3,4,4,4,2,3,4,1,3,4,4,4,2,3.63333333333333
"R_3uODD2pdNI8jXXP",5,4,3,4,5,4,4,4,4,4,3,4,4,4,4,3,4,4,4,4,4,4,4,4,3,4,3,4,2,4,3.83333333333333
"R_7uDQOrG28WLjm4m",4,3,2,3,4,4,4,4,4,3,3,3,3,4,4,4,4,3,4,3,4,4,4,4,2,3,4,3,3,3,3.46666666666667
"R_5R4LrQ8jXinBsMV",5,2,2,3,4,2,4,3,3,2,4,5,4,4,4,4,4,4,4,4,3,4,4,3,3,4,3,4,2,4,3.5
"R_5gFuI6Zdce2HOMq",3,2,3,2,2,2,4,2,3,2,1,1,3,4,3,4,3,4,3,3,2,2,5,4,2,5,5,3,2,3,2.9
"R_6NFhU0bXejXyu3v",4,3,3,3,4,2,4,4,4,2,2,5,3,4,4,3,4,2,3,2,2,3,4,4,2,2,4,4,2,4,3.2
"R_5dv8MJ9XT2tsOk6",3,2,3,2,4,1,4,2,3,3,2,1,2,3,2,4,3,1,3,1,3,2,3,2,2,2,5,3,3,3,2.56666666666667
"R_7MDxBq8mtH5I2a8",3,1,2,3,2,4,2,4,4,2,3,2,2,3,2,3,5,2,5,3,3,3,3,4,4,1,3,5,2,1,2.86666666666667
"R_1OXquApJXnrC9Hz",3,2,2,2,5,1,4,4,4,2,1,2,1,3,4,4,4,2,4,2,3,3,3,3,3,3,4,4,1,1,2.8
"R_59BGTvIulbj5Ok9",2,4,4,3,4,4,5,2,2,4,2,4,3,2,3,1,5,3,4,3,2,5,3,2,4,3,2,5,3,5,3.26666666666667
"R_3HSylAQObjq7nOk",4,3,3,4,4,2,3,4,3,2,4,2,2,3,3,3,4,4,3,2,4,2,3,2,4,3,3,4,2,3,3.06666666666667
"R_5ikEQ9CFFY4yKnv",5,1,2,3,3,5,3,3,3,3,3,3,2,4,2,3,3,4,2,2,3,3,2,3,3,3,4,4,3,3,3
"R_5cpAUcYiSFu8pFr",1,3,2,4,4,2,3,5,4,4,5,3,5,3,5,2,1,3,1,4,5,3,1,4,2,1,2,2,4,5,3.1
"R_5FncB44tYK8cz8R",4,2,2,1,5,1,5,5,5,1,1,1,1,5,5,5,5,1,5,1,5,5,1,5,1,5,5,5,1,5,3.3
"R_5IQCuxi5CkbT8HN",3,3,5,3,3,4,4,4,5,1,4,3,5,4,2,3,2,2,4,3,4,5,2,3,3,1,1,3,3,5,3.23333333333333
"R_1kFgIarWRGRiNHk",4,4,2,4,4,4,4,4,4,3,4,4,4,4,4,4,4,4,4,4,4,4,4,4,4,4,4,3,4,4,3.86666666666667
"R_1jNjo5BcokYvGAN",3,2,3,3,1,2,2,3,1,1,2,1,4,4,1,3,2,2,1,3,4,4,5,4,5,2,4,1,4,1,2.6
"R_7EmnTpRv4SVEkHD",4,4,3,3,3,3,2,3,4,2,3,4,2,3,4,3,4,2,2,3,2,2,3,3,3,3,3,3,3,4,3
"R_6lJ7CPijxHhmHlf",2,2,4,1,3,5,2,4,2,1,4,2,3,2,4,3,3,1,5,4,1,4,1,2,3,5,2,1,2,4,2.73333333333333
"R_6g7n6d7zHUwIoMX",1,3,4,4,3,2,3,3,3,4,3,3,4,2,2,3,2,3,1,4,4,4,1,3,4,4,4,3,5,2,3.03333333333333
"R_5RMLoJsyr6kr6gN",3,3,3,3,2,3,3,3,3,3,3,5,2,5,4,3,2,2,3,2,2,3,3,3,4,3,3,3,3,2,2.96666666666667
"R_3o8c5VkhDvyoBfB",5,3,1,4,3,2,4,5,4,2,5,3,3,3,4,3,4,4,3,3,4,2,3,4,3,4,3,4,1,5,3.36666666666667
"R_1Gg0qg71vPhfaav",4,2,1,3,3,1,3,3,3,2,4,3,1,3,3,2,3,3,2,1,2,2,3,4,2,3,2,5,2,4,2.63333333333333
"R_1YAfOl1rXVFwEkk",5,2,2,2,4,2,4,4,4,2,5,3,2,4,4,2,4,3,4,3,2,1,5,3,3,3,5,2,1,5,3.16666666666667
"R_5foOmJLH4T2YLv5",4,4,2,2,4,3,4,4,4,2,1,3,3,4,4,3,4,4,3,2,2,2,4,4,2,4,4,4,2,4,3.2
"R_1P6qnB3I6C4Vb09",4,3,4,2,5,2,4,4,4,4,5,4,4,5,4,2,4,4,4,4,3,4,4,4,4,2,4,4,4,4,3.76666666666667
"R_7q1PGnJWvIxzT7z",5,3,4,4,5,4,4,5,4,5,5,5,4,5,5,4,5,5,4,5,5,5,4,4,4,5,4,5,4,5,4.5
"R_6n1uwWMsLmppkuR",3,3,4,4,3,4,3,3,4,2,2,5,3,3,3,3,3,1,3,3,3,3,3,3,3,4,4,3,2,2,3.06666666666667
"R_7zusvCEnjB1vKhG",4,4,3,2,4,3,4,4,3,3,2,5,4,4,4,4,4,4,4,3,3,2,2,4,3,3,3,3,3,2,3.33333333333333
"R_3YntZIAtEPL2lPX",5,5,3,5,5,5,4,4,3,3,3,3,3,3,5,4,4,3,3,3,2,3,3,3,2,3,3,3,3,4,3.5
"R_66jPZqvTxJhlvLH",3,3,4,2,3,4,4,5,3,2,5,4,5,4,4,4,4,2,3,5,3,2,4,4,2,1,3,4,1,3,3.33333333333333
"R_516BC81lOL3M6Qh",4,4,3,3,4,4,4,4,4,3,4,3,3,4,4,4,4,2,4,4,4,4,4,3,3,4,4,3,3,4,3.63333333333333
"R_7gZSKxivcLjxOJr",3,5,3,4,4,2,1,2,3,4,2,3,2,4,2,3,2,3,1,3,4,1,3,3,4,4,1,3,2,2,2.76666666666667
"R_59zetEikIlYTIad",3,3,3,3,4,3,3,3,3,2,2,2,1,3,4,3,4,3,4,3,2,3,3,3,3,3,3,3,3,4,2.96666666666667
"R_6eqJTSW3zwu7ANE",4,3,2,2,5,3,4,4,4,2,2,3,4,3,4,4,4,3,4,4,4,4,4,4,3,4,3,4,2,4,3.46666666666667
"R_5hxswS2xy8GQ8qP",3,4,3,4,4,3,1,4,2,3,2,3,2,3,2,1,4,2,2,4,2,4,4,3,3,3,4,3,4,4,3
"R_6gSi5HhPt3oAxfR",2,3,2,3,2,3,4,3,2,3,2,3,4,3,4,3,2,3,4,3,4,3,4,2,3,4,3,2,3,2,2.93333333333333
"R_3cwq0wtPh8hsz81",4,1,2,4,4,1,4,5,4,1,3,2,1,4,5,5,4,1,5,1,2,2,5,4,1,4,5,5,2,4,3.16666666666667
"R_57aHAd10ZZNuNxf",5,3,1,1,5,3,5,5,5,4,5,5,5,4,4,5,5,2,4,1,2,5,4,4,5,1,3,5,5,5,3.86666666666667
"R_3fnMhk29KXeSNNv",5,3,2,2,5,3,4,4,4,2,2,1,3,4,5,3,5,3,2,1,3,3,5,4,2,5,4,5,3,2,3.3
"R_1Mp5i366LBfPz2h",4,2,3,3,3,3,4,5,4,2,3,3,3,3,3,3,4,2,4,2,2,2,4,5,1,5,4,4,2,1,3.1
"R_6VgwOqGHVJ9OhaG",1,4,3,3,5,3,4,4,3,2,3,4,1,3,2,3,4,5,5,3,3,3,2,5,3,5,3,1,4,2,3.2
"R_6sYM7BVH8NIIYyL",5,1,1,1,4,2,4,4,4,3,2,2,2,4,4,4,4,2,4,2,1,2,4,5,1,5,2,4,2,2,2.9
"R_68VdwXabFtrchAB",5,4,3,4,4,2,2,4,4,2,4,2,3,4,4,2,3,3,4,2,2,3,3,2,2,4,2,2,3,4,3.06666666666667
"R_5tr3EtXA4JtjBK4",3,3,2,2,5,4,3,4,4,3,2,3,2,5,4,4,4,3,5,2,4,2,4,5,2,3,2,4,5,4,3.4
"R_7cc70RHrlvPR3zA",3,1,1,1,4,1,5,5,5,1,1,1,1,5,5,5,4,2,5,3,3,3,3,5,2,5,5,5,1,1,3.06666666666667
"R_3hywElMMNFsJMYp",2,3,3,3,3,3,3,2,3,3,2,3,3,4,2,3,4,3,2,2,2,3,3,4,3,3,3,3,3,3,2.86666666666667
"R_5YcZ2KLBmTsu8z7",4,4,2,2,4,4,4,4,4,4,4,4,4,2,4,2,4,4,4,2,4,4,4,4,2,4,5,2,4,5,3.6
"R_3taQqJWDTVGH5FD",5,5,2,2,5,5,5,5,5,4,5,5,5,4,5,1,5,3,1,5,5,5,3,5,3,5,5,5,5,5,4.26666666666667
"R_5sF3tdUQgMMs3mh",3,3,3,2,4,3,3,3,3,3,4,4,3,3,3,3,4,3,2,3,3,4,4,3,3,4,3,4,3,3,3.2
"R_1VQqjr1jMDX4D0t",3,3,3,2,5,5,5,3,3,3,3,3,2,3,3,3,3,3,3,3,3,3,3,3,3,3,3,3,3,3,3.13333333333333
"R_3ASdQREkJCScnFU",2,3,3,3,2,3,3,3,2,3,4,3,4,3,2,3,2,3,3,3,4,3,3,3,3,2,3,2,3,3,2.86666666666667
"R_3ssZNEMQJjTRgrv",3,3,3,3,3,3,3,3,3,3,3,3,3,3,4,3,3,3,3,3,3,3,3,3,3,4,3,3,3,3,3.06666666666667
"R_1CI5WjcD32clL84",4,2,3,3,4,2,4,4,2,2,1,2,3,3,3,4,4,2,3,3,3,2,4,2,4,2,3,3,2,2,2.83333333333333
"R_7N8sYhBOoS80djp",2,5,2,4,3,3,3,3,3,3,3,3,3,3,3,3,3,3,3,3,3,3,2,3,2,3,4,4,2,4,3.03333333333333
"R_70eQ3TMoJEkaFpw",3,3,3,3,2,2,2,4,2,5,2,4,3,3,2,2,5,3,3,2,4,4,3,4,4,2,1,5,5,3,3.1
"R_1R7tP2droQgUfmO",3,2,2,1,5,1,2,2,1,2,3,1,2,4,2,1,3,2,2,2,2,2,3,2,2,4,2,1,2,2,2.16666666666667
"R_6V2YSWkZewg4Mbr",4,2,2,4,2,5,2,1,2,3,3,4,4,3,3,3,3,3,4,2,3,2,4,4,5,2,2,4,1,2,2.93333333333333
"R_3KjX0VUXmGoF42r",4,4,2,2,4,2,4,4,4,2,2,2,2,4,3,3,3,3,3,3,3,3,3,4,2,4,4,4,2,2,3.03333333333333
"R_6CVBhsrOfyzPwP8",5,4,4,2,5,4,4,4,5,2,4,2,1,4,4,2,4,1,4,2,1,4,5,4,2,5,2,4,2,4,3.33333333333333
"R_7HGkxVvQiH22rAZ",2,3,3,4,2,5,2,3,4,1,3,4,4,2,2,4,4,3,3,4,3,2,4,2,3,4,3,2,4,2,3.03333333333333
"R_5QuOL3HQafCkeba",3,4,2,4,2,4,3,3,3,3,3,3,3,3,3,3,3,3,3,3,3,3,3,3,3,3,3,3,3,3,3.03333333333333
"R_1RwxoXtULUMrphD",4,3,2,1,4,3,3,3,3,3,2,4,4,3,4,5,3,4,4,3,2,3,3,3,1,3,3,2,4,3,3.06666666666667
"R_6YVUnYdOJJIImnE",5,5,2,2,4,3,4,5,4,3,4,3,2,5,4,3,4,3,4,3,3,4,2,4,3,4,4,4,3,5,3.6
"R_1njHekJDMtWTrP3",4,3,2,3,4,1,4,4,4,1,5,1,3,4,4,3,4,4,4,2,2,1,4,3,4,5,5,5,2,5,3.33333333333333
"R_5gj9wbDcXgY6vUy",5,4,3,3,4,2,4,4,4,2,2,4,4,2,2,2,4,3,4,4,4,4,4,4,2,4,4,4,4,4,3.46666666666667
"R_65YeVxqNrqJAdSa",2,2,2,5,5,3,1,5,2,1,5,2,1,1,3,1,5,4,5,5,3,1,1,4,5,3,4,5,3,2,3.03333333333333
"R_70f3kJjYxEPcEfj",5,5,2,4,5,4,5,5,4,4,2,4,5,5,5,5,4,1,5,3,5,4,4,5,4,4,4,5,4,3,4.13333333333333
"R_6oI4XXTv6BYJ68W",5,1,4,4,4,1,4,5,5,3,4,1,3,5,5,4,5,1,4,4,1,2,5,5,1,3,2,5,1,3,3.33333333333333
"R_6MnFF7Nk4n9fxor",4,4,1,1,5,1,5,5,5,1,5,3,1,5,4,5,2,4,5,1,4,1,5,2,1,5,5,3,1,5,3.3
"R_5zIpozcCK0Em7Pj",4,3,2,2,3,5,4,3,4,2,3,3,2,3,4,2,4,2,4,2,3,2,3,3,3,4,3,3,2,3,3
"R_6yS4f4rZps2yj3X",4,4,2,2,5,1,4,3,4,1,2,4,2,3,4,3,4,2,3,2,1,3,5,4,2,3,4,3,4,2,3
"R_72JGymiY2HhXLge",4,4,2,4,4,4,4,4,4,2,2,4,4,2,4,4,4,3,4,4,4,4,4,4,2,4,3,2,4,3,3.5
"R_5LveHzx1fgprU5K",4,4,3,3,4,4,4,4,3,4,4,2,4,4,4,4,4,3,3,3,4,4,4,4,3,3,4,3,3,4,3.6
"R_7vNtg3jwCYkxeFP",4,3,2,4,5,2,4,4,3,1,5,4,4,4,5,3,4,3,2,2,5,2,4,4,3,5,3,2,4,3,3.43333333333333
"R_54ICgWblx5Ukwyt",4,3,2,3,4,3,4,3,4,3,4,4,4,4,4,3,4,3,4,2,4,3,4,4,2,4,4,4,2,2,3.4
"R_3OqJNGKsvNTZs9Y",3,3,3,4,3,3,4,3,3,4,3,5,5,3,4,4,3,4,3,2,4,3,3,3,3,3,4,3,2,4,3.36666666666667
"R_7ez7MriTXjejJC2",3,3,4,2,4,1,3,3,1,1,2,1,2,5,3,3,4,3,4,2,2,2,4,5,2,3,4,4,3,2,2.83333333333333
"R_12X5wmxWTc8qh3Z",4,3,3,4,4,3,3,2,4,2,3,2,3,2,3,4,3,2,3,3,4,3,2,3,4,3,3,2,3,3,3
"R_58I4Q6hfuzXQFOx",4,2,1,2,3,3,4,4,2,3,2,3,3,4,4,5,4,3,3,2,2,3,4,3,3,5,4,4,3,3,3.16666666666667
"R_1yrHLXxiXfBpYWJ",5,4,2,4,4,4,4,3,3,4,4,5,4,3,3,3,3,2,3,4,4,4,4,3,2,4,2,4,2,4,3.46666666666667
"R_7OPVx66hHwwPYOs",5,3,2,2,4,3,2,5,4,1,2,1,1,4,4,4,4,3,4,1,3,3,4,4,1,3,2,4,3,3,2.96666666666667
"R_1iQAYNfLAXjfLNv",5,3,3,3,4,3,4,4,4,3,3,3,4,3,4,4,4,3,4,3,4,4,4,4,3,5,4,4,4,4,3.7
"R_124RlVWteOn5i0l",5,1,2,1,4,2,4,5,4,2,3,1,1,4,4,4,4,1,4,3,4,3,5,4,1,4,4,5,2,1,3.06666666666667
"R_7XiCVkmVutzQs1O",2,4,4,4,4,2,3,3,5,2,1,2,1,1,2,3,5,2,3,3,1,3,3,5,2,5,4,4,1,1,2.83333333333333
"R_7LX5DFFzGHBZIBH",4,4,2,3,4,4,3,5,4,2,3,5,5,2,4,3,4,2,4,2,4,4,3,4,2,4,4,5,4,3,3.53333333333333
"R_7prIEyfgxpjQhvr",4,1,2,2,5,2,4,5,4,1,3,2,3,5,5,5,5,1,5,1,2,4,4,4,2,5,4,5,2,1,3.26666666666667
"R_10wUwpQmoXdvyO7",2,2,2,2,2,3,2,2,2,2,2,3,2,4,4,2,2,3,3,2,2,2,2,2,2,2,2,4,4,2,2.4
"R_6rkXrCLgJVt3dDj",5,2,1,2,4,1,4,3,4,1,2,2,3,4,5,4,3,2,4,1,3,3,5,3,2,5,4,5,1,2,3
"R_3BA91EDJt5yeJqO",4,4,4,2,4,4,4,4,3,3,4,4,4,4,4,4,4,3,4,4,4,4,4,4,4,4,4,3,4,4,3.8
"R_37HTjiEy7eyRlhw",4,4,2,2,4,3,4,4,4,2,4,3,2,4,4,2,4,3,2,2,4,3,4,4,2,4,4,4,4,4,3.33333333333333
"R_1FLkMO3vfrw1uMy",5,5,5,3,5,4,4,4,5,4,5,4,4,4,4,4,4,4,4,3,5,5,4,5,2,5,5,3,3,5,4.2
"R_5C8ynOQuZHN74qM",5,1,1,2,4,1,5,4,5,1,1,1,2,4,5,5,5,2,3,1,2,1,5,4,2,5,4,5,2,2,3
"R_1IwmMjhBLuoyiCB",3,4,1,3,1,1,3,3,3,1,5,3,2,1,1,3,3,5,3,4,3,1,3,4,2,2,2,5,1,3,2.63333333333333
"R_3eRg4N5LM6CcG2m",4,5,3,5,3,2,2,4,3,2,4,5,5,3,3,3,3,4,4,3,4,3,5,1,2,3,2,1,2,2,3.16666666666667
"R_3A0fWLi30ZPDSVj",4,3,2,3,4,3,4,4,4,2,1,2,3,3,4,3,4,3,4,3,2,3,3,3,2,4,4,3,2,3,3.06666666666667
"R_7oQPi2nKfOL50KB",5,5,5,5,1,5,1,1,1,5,5,5,5,1,1,1,1,5,1,5,5,5,1,5,3,3,5,5,1,5,3.4
"R_1jiCSCifVR3LAdW",5,2,2,2,4,3,4,4,4,4,5,4,5,4,5,4,4,2,4,2,1,2,4,2,3,4,4,4,1,5,3.43333333333333
"R_5FJlyc0MyLnL958",4,2,2,2,3,2,5,3,4,2,4,3,3,3,3,2,3,2,3,3,2,2,3,2,2,2,2,3,2,2,2.66666666666667
"R_7aIYFnFjpt0UAvv",4,2,4,4,4,4,4,4,4,5,4,4,4,4,4,4,4,4,4,4,4,4,2,4,4,4,4,4,4,4,3.9
"R_5h0gUw9g6wRMdEg",3,3,3,3,3,3,3,3,3,3,3,3,3,3,3,3,3,4,2,3,3,3,3,3,3,3,3,3,3,3,3
"R_6pBg2X782vUmMdX",1,5,5,5,4,5,5,1,1,2,2,3,3,3,3,3,3,3,3,3,3,3,3,3,3,3,3,3,3,3,3.1
"R_3gtgjYgYKrJi389",2,2,4,5,4,4,4,3,1,3,5,2,2,1,3,4,3,4,3,2,3,4,3,2,3,2,4,2,2,3,2.96666666666667
"R_1n8GzjSOT8GaTQd",5,2,1,3,5,1,4,4,5,1,3,1,1,4,5,5,4,1,4,1,1,2,5,5,2,5,4,5,2,1,3.06666666666667
"R_1OHG95IozQ4AcJr",5,3,4,3,2,4,3,3,3,4,2,3,3,2,3,3,3,1,2,3,3,2,2,3,3,3,3,5,4,4,3.03333333333333
"R_7usJiKjcEwzZD7h",5,5,4,4,4,4,4,4,4,4,2,4,4,4,4,4,4,3,4,4,4,4,2,3,2,4,3,4,4,5,3.8
"R_3KljfxutjygJ3AR",2,2,4,3,3,2,2,5,3,2,3,2,3,5,3,3,2,2,1,3,2,4,3,2,2,3,4,3,2,1,2.7
"R_1pHdMVd3hcQrGy5",4,4,2,2,4,4,4,4,4,4,3,3,4,4,4,4,4,2,4,4,3,4,4,4,3,4,4,4,2,4,3.6
"R_7QtEnEFa3wAx3zj",5,5,4,4,4,5,5,4,4,5,4,5,5,4,4,4,4,5,4,4,5,5,4,4,4,4,4,4,4,4,4.33333333333333
"R_6DHqxnMKvrVBXwt",4,4,3,4,4,4,4,4,4,2,2,2,2,4,4,2,4,4,2,4,2,4,2,4,4,2,4,2,4,2,3.23333333333333
"R_5ePuhcORGYi2UIb",5,2,2,5,5,3,4,4,5,4,4,4,4,4,4,3,4,5,3,4,3,4,4,4,4,4,4,3,3,4,3.83333333333333
"R_59aWMbuIYpL4Fe0",3,4,3,3,3,2,3,3,3,3,3,3,4,3,3,3,3,3,3,3,3,3,3,3,2,3,3,3,2,2,2.93333333333333
"R_1rxI0dJppoKlOQV",5,4,1,1,3,5,2,3,3,3,1,1,4,3,4,4,2,1,4,3,2,3,4,2,1,3,5,3,4,1,2.83333333333333
"R_1wzYgUpy8FENH76",4,3,2,4,4,3,4,4,4,2,4,2,4,3,5,4,4,3,4,3,5,4,4,4,3,4,4,4,4,4,3.66666666666667
"R_6Sg0CtULnaAoFH3",5,5,3,4,5,3,5,4,4,4,5,3,4,4,5,4,5,4,4,5,3,4,5,4,3,5,4,5,4,5,4.23333333333333
"R_3TIykVe1REHdYQ1",1,4,3,4,3,3,2,3,3,2,3,3,2,1,2,4,4,2,3,3,2,3,4,5,1,3,3,3,2,2,2.76666666666667
"R_7sMwTP3HEqmcbFT",5,3,2,2,4,2,4,4,4,2,5,4,2,2,4,2,4,4,2,2,2,2,2,2,1,2,2,4,1,5,2.86666666666667
"R_5PZqLMxUWGMxcIY",5,5,1,5,5,5,5,5,5,5,4,5,5,5,5,5,5,3,1,5,5,5,5,5,3,5,5,5,5,5,4.56666666666667
"R_5Rr4JPCkcwI0r8n",5,3,3,2,4,3,4,4,4,2,5,5,4,5,4,3,4,4,4,3,2,4,4,4,4,3,3,4,2,4,3.63333333333333
"R_7MlzTKkdXR9Aklr",5,2,2,1,4,3,3,4,4,3,3,2,5,5,4,4,4,1,4,2,1,2,4,3,2,5,4,4,2,1,3.1
"R_6cUpbnrwRnxakjh",4,4,2,3,3,4,4,3,3,3,4,2,3,4,4,3,2,4,3,5,2,3,5,3,2,2,4,4,2,3,3.23333333333333
"R_7YM6Rf2fdp8KueI",4,4,4,3,4,4,4,4,4,4,4,4,4,4,4,4,4,3,3,3,3,3,3,3,4,2,4,3,3,3,3.56666666666667
"R_7YwwfjcrIFBWcTL",4,4,2,2,4,4,4,4,5,4,2,3,4,4,4,4,4,2,4,2,4,3,4,4,2,4,4,4,4,3,3.53333333333333
"R_5eL8vtV1yB7vh1T",3,4,3,3,4,4,3,4,3,2,4,3,4,3,3,2,3,4,3,3,4,4,3,2,2,3,3,3,2,4,3.16666666666667
"R_5rjShz1zc8hZVYE",5,2,2,1,4,2,5,4,4,1,2,1,2,5,4,3,3,2,4,1,2,2,4,4,2,4,5,3,2,1,2.86666666666667
"R_1OkCwKXdfwK5aqB",4,3,2,2,4,3,4,4,4,3,2,3,3,3,4,4,4,3,4,2,3,2,4,4,3,3,4,4,3,3,3.26666666666667
"R_7mDwOBw7s0qaQtq",4,2,2,2,4,2,4,4,4,3,2,2,3,4,4,4,4,2,4,2,2,2,4,4,2,4,3,4,2,2,3.03333333333333
"R_6dcNHppBA1Mp9Fe",4,2,2,2,4,2,4,4,4,2,2,2,4,4,4,4,4,3,3,3,3,3,3,3,2,3,3,3,3,4,3.1
"R_3wKU79SyjdyBMnk",4,1,3,3,4,2,3,4,4,2,4,4,3,4,3,3,3,2,3,4,4,3,3,3,3,4,5,3,3,3,3.23333333333333
"R_3qjIhgK5y3nUjpC",5,2,2,5,5,4,4,5,4,3,5,5,3,4,3,2,5,3,4,4,4,4,4,4,4,4,4,4,2,4,3.83333333333333
"R_5MbZihlyeCN4Qh1",3,2,5,5,4,3,3,3,4,3,3,2,5,2,1,2,3,4,3,3,4,2,3,4,3,1,1,3,3,3,3
"R_1qCWv1qlEmbuDLo",4,4,2,3,4,2,4,4,4,2,2,2,3,4,4,2,4,4,4,3,2,3,4,4,2,4,3,4,2,4,3.23333333333333
"R_10UxMDsMVIhnoh9",5,3,2,2,4,5,5,5,4,3,3,4,5,3,4,3,5,4,4,5,5,5,4,4,3,4,4,4,4,4,3.96666666666667
"R_6JiaiHsBq0h426B",5,1,2,2,4,2,4,4,5,1,2,2,2,5,5,4,3,1,4,2,2,1,4,3,1,5,5,4,2,1,2.93333333333333
"R_6CmetbM7zLZMhQa",4,4,3,4,4,3,4,4,4,2,4,4,4,4,4,3,4,4,4,4,4,4,4,4,4,4,4,4,4,4,3.83333333333333
"R_3ob7v6i1y9xUXQB",5,4,4,5,5,4,5,5,4,4,4,4,4,5,4,5,4,4,4,4,4,4,4,4,4,4,4,3,4,5,4.23333333333333
"R_3wjg1sZe0EkZHul",5,5,4,5,4,3,5,5,5,5,3,4,5,3,5,4,5,5,4,5,5,3,3,5,3,4,5,4,4,3,4.26666666666667
"R_3dKEPjLL1Nq6CrH",4,3,4,5,5,5,4,5,5,5,3,4,4,4,4,5,4,5,5,5,5,5,4,4,2,4,4,4,5,4,4.3
"R_18sf7b999Pv0w7f",5,4,1,3,5,4,5,5,5,4,4,4,4,5,5,5,5,3,5,4,1,5,2,3,1,5,5,5,4,5,4.03333333333333
"R_1YaLMRsxkrfQT9n",4,4,4,3,3,3,3,3,4,2,3,3,4,3,3,3,3,4,3,4,5,3,3,4,3,4,3,3,4,4,3.4
"R_5aFwsuByz1zLHFV",3,4,2,4,4,3,4,5,3,3,4,2,1,3,3,4,5,4,4,5,3,2,2,5,4,4,2,5,3,2,3.4
"R_7DO9gDBqtctC2Cb",5,4,2,2,4,4,4,4,5,4,2,2,2,4,4,5,5,2,5,2,2,1,4,5,2,5,4,4,2,4,3.46666666666667
"R_114g6pjuBx5AvQq",4,4,2,2,5,4,4,5,4,3,4,4,4,3,4,2,4,2,4,1,5,2,4,4,4,4,4,5,2,4,3.56666666666667
"R_7CNj430G9Gf6zkM",4,3,2,3,4,3,4,4,4,3,3,2,2,4,3,4,4,2,3,2,2,2,4,3,3,3,4,3,2,3,3.06666666666667
"R_3mUl4hnWkQsOtFp",5,4,2,4,5,4,4,2,5,4,5,4,4,5,4,4,2,4,4,5,4,4,4,4,4,4,4,3,4,4,3.96666666666667
"R_3GIAMSJFo6rQT77",5,3,2,4,3,2,4,4,5,4,3,3,3,4,3,3,4,2,5,4,3,3,5,5,1,4,5,5,2,3,3.53333333333333
"R_7EgsnmiFd7mfDip",4,5,3,4,4,4,4,4,4,4,2,2,4,4,4,4,4,5,4,4,3,2,4,4,2,4,3,4,3,4,3.66666666666667
"R_7He94ppuZrxRUXv",4,4,3,2,4,3,4,4,4,3,3,3,4,4,4,4,4,4,4,4,4,4,3,5,2,4,3,5,2,1,3.53333333333333
"R_58aQ9Lqu9T1jSbT",4,3,2,2,4,4,4,4,4,2,2,2,2,3,4,4,4,2,4,2,3,2,4,4,2,3,4,4,3,2,3.1
"R_3CDuwlSLevvpvPd",5,3,1,3,5,5,5,5,5,1,3,5,5,5,5,5,5,5,4,2,1,1,5,5,2,5,5,4,5,5,4
"R_10SgocvjcYGUOop",4,4,2,2,4,3,4,4,4,1,3,2,4,4,4,4,3,4,2,4,4,4,2,2,4,2,2,3,3,3,3.16666666666667
"R_5LgUimIlyauBn44",4,4,3,2,4,3,4,4,4,3,3,4,4,3,4,4,4,3,4,3,4,3,4,4,3,4,4,4,3,2,3.53333333333333
"R_7n1rRn9eyOS2Apu",4,4,2,2,4,4,4,4,4,4,4,4,4,4,4,4,4,4,4,4,4,4,4,4,4,2,4,4,3,4,3.76666666666667
"R_3B9SEnr9gmScdZT",5,4,2,4,4,5,5,4,4,5,1,1,4,4,5,4,5,1,5,2,3,4,1,4,2,1,4,5,2,2,3.4
"R_6CIw46Y5DEhieYD",3,3,3,3,3,4,3,3,3,3,3,3,4,3,3,3,3,4,3,4,3,3,3,3,2,4,3,3,3,2,3.1
"R_7CHYpI8EkaHQGQI",4,1,3,3,4,3,5,2,2,4,5,4,3,3,3,4,4,2,3,3,3,4,4,2,2,4,2,2,5,2,3.16666666666667
"R_7yoeMH4cTH4yK9r",3,2,5,4,4,1,3,2,5,2,2,4,2,4,4,2,2,2,5,3,3,4,2,5,5,5,5,2,3,3,3.26666666666667
"R_7zDtMIE46cG6gN3",4,4,2,3,3,2,2,2,2,2,2,4,2,2,2,2,2,2,2,2,4,2,2,4,2,2,2,2,2,2,2.4
"R_5R1HoLDPMo5Qjq8",4,5,1,2,3,3,2,2,4,2,3,2,2,3,3,2,3,2,4,3,2,2,3,4,1,3,3,4,3,2,2.73333333333333
"R_1PHMnWDyU33tkcA",2,4,4,2,4,4,4,4,4,2,2,4,4,4,4,4,4,2,4,2,4,2,2,4,2,4,4,4,2,4,3.33333333333333
"R_7i5kRVat6jVWK6Q",4,3,1,3,4,3,2,3,4,2,4,4,2,4,3,2,4,4,4,3,2,3,4,4,3,4,4,4,4,3,3.26666666666667
"R_1Mm4TUF8lN3RH4h",4,2,2,3,4,2,5,5,5,1,1,2,3,4,4,2,4,3,3,3,2,2,4,4,2,3,4,2,2,3,3
"R_7lcb8GLvIYqVLE0",5,1,5,5,5,5,1,1,1,5,5,5,5,2,3,2,2,5,3,4,5,5,1,1,5,1,1,1,5,5,3.33333333333333
"R_6t9W9dvlvurObRd",5,3,2,3,4,1,3,4,4,1,5,5,1,3,4,3,4,1,3,1,1,1,5,5,1,5,3,5,3,1,3
"R_6a8s74zwjnvRHjz",4,2,2,2,4,2,4,4,4,1,4,2,2,3,4,3,4,2,4,2,3,4,4,4,4,4,4,2,4,2,3.13333333333333
"R_7F4Kd95yZmIuur2",5,3,1,3,5,3,5,4,4,3,5,4,5,5,5,4,4,3,2,4,5,5,1,5,1,5,5,5,5,5,3.96666666666667
"R_7PBbR4M62NpzphA",4,2,2,2,4,1,4,3,4,2,3,1,2,4,4,4,4,2,4,2,4,2,5,4,2,4,4,5,2,2,3.06666666666667
"R_5PDwTdxYhCMiqKl",3,3,5,3,3,2,3,4,4,3,2,2,3,4,3,4,3,2,4,3,3,3,3,4,4,4,5,4,2,3,3.26666666666667
"R_5TKRnfxPPN6kAyR",4,4,4,3,4,3,4,4,4,4,4,4,4,4,4,4,4,3,3,3,4,3,4,4,2,3,4,2,3,4,3.6
"R_7jW0xD08RZNhLMd",4,3,2,1,3,4,4,4,3,5,2,4,5,3,3,3,2,2,3,5,4,3,3,4,4,5,3,5,2,4,3.4
"R_5f3Ove9840ufj43",4,3,2,2,4,2,4,4,4,1,3,4,4,3,4,3,4,1,3,2,3,4,3,4,2,2,4,3,4,3,3.1
"R_1Yycgl6YkfeDV5f",3,3,3,3,3,3,3,3,3,3,3,3,4,4,3,3,3,3,2,3,4,4,3,3,3,4,4,3,3,3,3.16666666666667
"R_1w0LAI68jz3tHhs",5,1,1,1,4,1,4,4,3,3,3,2,2,3,4,4,5,1,4,1,1,2,4,5,2,3,5,4,3,1,2.86666666666667
"R_7HjeA5NVqNHEn4b",3,2,3,3,3,2,5,5,4,1,1,2,1,5,4,4,5,1,4,1,2,2,4,5,2,5,4,5,2,1,3.03333333333333
"R_1JdYMIXBbFnRhMK",4,3,2,3,3,3,3,3,3,3,4,2,4,4,4,4,4,3,3,3,2,2,4,4,2,4,3,3,2,3,3.13333333333333
"R_17TE3uIaNjj5GAS",4,3,4,4,3,2,1,3,4,3,4,4,4,3,3,2,3,5,3,4,2,3,4,2,3,4,3,3,2,3,3.16666666666667
"R_6Y4aGORvjvLXwT2",5,4,3,4,4,2,4,4,4,2,4,3,2,4,4,3,4,4,4,2,2,2,5,4,3,4,4,5,2,3,3.46666666666667
"R_1g0x63j7ZqA3O2L",2,2,1,2,5,1,5,2,4,3,4,2,2,5,3,4,3,1,4,2,1,2,5,4,1,3,2,4,4,4,2.9
"R_8tPLj3W5d5J65bj",4,3,2,1,4,2,4,4,4,2,4,2,2,4,4,2,4,2,4,2,2,2,4,4,3,4,4,4,4,4,3.16666666666667
"R_5W9wUvrYg4qIh2h",1,1,3,4,3,2,4,2,1,3,5,4,2,4,3,4,5,2,2,4,2,2,1,4,4,1,2,4,2,4,2.83333333333333
"R_5kHdA2EKg3b4n82",4,4,1,1,3,4,2,4,5,3,2,4,4,4,5,2,4,1,5,4,4,4,4,4,1,5,2,4,3,2,3.3
"R_6fvkdtpITkdmssM",5,5,2,2,5,4,5,5,5,5,5,5,5,5,5,5,5,1,5,5,5,5,2,5,2,4,5,4,2,5,4.26666666666667
"R_1qQxyYO1npUF98B",5,3,2,4,4,2,4,5,4,2,5,4,3,3,3,2,4,4,5,2,3,2,3,5,2,4,5,4,1,4,3.43333333333333
"R_1nblzQ53UCyyChb",5,2,3,1,5,4,5,5,5,5,4,4,4,4,5,5,4,3,5,4,3,5,5,4,3,5,4,4,4,3,4.06666666666667
"R_5pSBX41VIENVGlb",3,4,3,3,3,3,3,3,3,3,3,3,3,3,3,3,3,3,3,2,3,3,3,3,3,3,3,3,3,3,3
"R_3FHZz1SlTev7QDn",4,3,3,4,4,3,4,2,2,3,2,4,3,3,2,4,3,4,3,2,2,2,3,3,2,4,2,3,4,2,2.96666666666667
"R_7PUHaeEXlSIozB4",5,4,1,5,3,4,4,5,2,2,5,3,1,2,5,2,3,4,4,4,3,3,4,4,1,2,5,1,1,5,3.23333333333333
"R_1OrmfvViIIXPDdr",4,3,3,2,3,2,4,3,4,1,4,3,2,2,2,2,3,2,4,2,2,2,4,3,4,4,3,4,2,2,2.83333333333333
"R_5WJzyXm1bPb1Mqr",3,3,4,3,4,2,4,4,4,2,3,2,2,4,4,1,3,2,2,4,4,3,2,3,3,4,3,2,4,3,3.03333333333333
"R_1mL80iqJBhDtnVr",5,4,2,2,5,4,5,5,5,1,4,5,4,5,5,5,5,2,4,4,5,5,5,5,1,1,4,5,4,5,4.03333333333333
"R_1VcbQ3znfpYryoN",5,3,1,3,5,1,2,5,3,1,3,1,3,5,3,4,5,1,3,1,3,1,2,5,3,5,3,5,1,3,2.96666666666667
"R_73BSGFP020mNMRZ",4,2,1,2,4,2,4,4,5,1,1,1,2,5,4,4,5,1,5,2,2,1,4,4,2,5,5,4,2,1,2.96666666666667
"R_7znMte9Fn0Kw6yq",3,3,3,2,5,2,4,3,4,2,3,2,1,4,4,3,4,2,5,1,2,2,3,4,2,5,5,4,2,1,3
"R_5c6nqaZjkF2vfuj",3,2,3,4,3,2,4,2,1,4,2,2,4,4,3,3,2,3,4,3,4,5,3,3,3,4,2,2,3,2,2.96666666666667
"R_74HSw0iTvD62TuS",4,3,2,1,5,2,4,5,4,2,4,4,4,5,5,4,4,1,5,4,5,2,4,4,2,5,4,5,2,3,3.6
"R_3H0oNQ7oDr9XRRH",4,2,2,2,3,2,4,3,4,2,2,2,2,4,4,5,4,3,4,1,2,2,5,4,2,4,4,3,2,2,2.96666666666667
"R_6102HTDOsz0J6SJ",5,3,3,1,4,3,3,3,4,3,2,3,3,4,4,4,4,2,4,2,4,3,3,3,3,3,3,3,3,3,3.16666666666667
"R_5vcqYL0BizsO7Qd",5,5,2,1,5,5,5,5,5,1,3,4,4,5,5,4,5,1,5,3,4,1,5,5,1,4,5,5,3,3,3.8
"R_7dogZ0Oz7azj1Xw",5,5,1,3,4,3,4,4,3,2,4,4,4,5,5,5,5,3,5,1,1,1,4,4,3,4,4,3,1,5,3.5
"R_3f2DHwfgRS0sAJG",5,4,1,2,4,1,4,5,5,1,4,2,2,4,4,1,4,2,4,2,2,2,4,4,2,5,4,4,2,1,3.03333333333333
"R_71TYMAVazqHNOcV",5,3,2,2,4,3,4,5,4,2,2,2,2,5,4,5,5,1,5,2,1,2,4,4,2,5,4,4,1,4,3.26666666666667
"R_5EHpaPbouwc4Aui",4,4,3,2,4,3,4,3,4,4,2,3,2,3,3,3,2,2,3,2,1,2,3,4,4,4,3,2,2,3,2.93333333333333
"R_169hOny4gr1kra1",5,4,2,4,5,4,5,5,5,4,2,3,4,4,4,4,4,3,4,5,5,4,4,4,4,5,4,4,4,4,4.06666666666667
"R_7DBxEAwbQm3IGaZ",2,4,3,3,2,2,4,3,3,3,3,4,2,3,3,3,3,3,2,3,2,3,4,3,3,3,3,4,2,2,2.9
"R_72VqWQ64cS9s1eS",4,3,4,5,3,5,3,3,2,5,2,4,4,4,2,2,5,3,1,2,4,4,4,2,3,3,5,5,3,1,3.33333333333333
"R_5qKBbFgLjUv6MvY",4,5,3,4,4,4,5,3,3,3,3,4,5,4,4,5,4,3,4,4,5,5,5,3,3,3,3,3,3,4,3.83333333333333
"R_7S8Yw1ljOZQdAUV",3,3,3,3,4,3,3,3,3,3,3,3,4,3,3,3,3,3,3,3,3,3,3,3,2,3,3,3,3,3,3.03333333333333
"R_1ygyr8RAzKWxizU",4,4,3,4,4,3,4,4,3,2,4,4,3,3,4,4,4,3,3,2,4,2,4,4,2,4,4,4,2,4,3.43333333333333
"R_1zx0Ht0LHoseGoD",4,4,2,2,4,4,5,3,3,2,3,3,3,5,5,4,4,2,4,2,2,2,4,5,1,4,4,4,4,3,3.36666666666667
"R_1EWOAaGRUzstYXe",4,1,1,1,4,2,5,5,4,2,1,2,4,5,5,4,5,2,5,4,2,1,5,4,1,5,4,4,2,4,3.26666666666667
"R_3aCtBWhSdvXdKIv",4,4,4,4,3,4,4,4,3,3,4,4,4,3,4,4,4,4,4,4,4,4,3,4,3,4,4,2,4,4,3.73333333333333
"R_7qaqCc0Dq7AD704",4,3,2,3,4,3,3,4,3,2,2,4,4,3,4,4,4,3,4,4,4,3,3,4,3,4,3,3,4,4,3.4
"R_5zJj0DBWnq8VaiF",4,3,2,4,4,2,4,5,4,4,4,4,4,4,4,5,4,5,4,4,4,4,4,4,5,5,4,3,3,4,3.93333333333333
"R_7KBKtmqWpZeeFIC",4,4,2,4,3,2,4,4,4,2,4,4,2,4,4,4,4,2,4,4,4,4,2,2,2,4,4,4,4,4,3.43333333333333
"R_7sd776tgHyHsY4x",4,3,2,4,4,4,4,4,5,4,2,4,4,4,4,5,4,4,5,4,4,3,5,4,4,4,5,4,3,5,3.96666666666667
"R_7jd2sk5m4kwCFkh",5,2,1,2,5,1,4,3,4,2,2,1,1,5,5,4,5,3,4,2,2,4,4,4,2,5,5,4,1,1,3.1
"R_1uw8Em9r995XY3H",4,4,4,4,4,2,2,4,4,2,3,4,4,3,4,3,4,3,3,4,4,2,2,2,2,4,2,5,4,2,3.26666666666667
"R_6PdMi1TwYvawJlW",4,4,2,2,5,5,4,4,4,1,2,2,4,4,5,4,4,2,5,2,2,2,4,4,1,4,5,2,2,4,3.3
"R_7h6E7YF3YFBnKpD",5,2,2,2,4,1,5,4,4,2,1,2,2,5,4,4,5,1,4,2,2,2,4,4,2,4,4,4,2,2,3.03333333333333
"R_7qHB1hl0ryivssd",4,2,1,2,5,2,4,5,4,1,2,2,1,4,5,5,5,2,5,2,1,2,4,4,1,5,5,5,1,2,3.1
"R_16aV2o4LR1hMeDb",1,4,5,4,4,1,5,4,4,1,2,1,1,5,5,5,1,4,3,2,2,1,5,3,1,5,5,3,4,3,3.13333333333333
"R_67PcRAXtMP0JUaQ",3,4,3,3,4,2,2,2,2,3,3,3,2,4,2,4,2,2,2,2,1,4,1,5,2,4,2,4,3,3,2.76666666666667
"R_3gCQAlE9kRFCBjz",1,4,4,4,3,3,3,2,2,4,4,4,4,3,3,2,2,4,3,2,2,2,3,2,3,1,1,2,3,3,2.76666666666667
"R_6qwfdFvKxe98zeJ",4,2,4,4,4,1,4,4,5,2,2,2,1,3,4,5,4,2,4,1,2,3,4,3,2,4,5,5,2,3,3.16666666666667
"R_70uDhyahvtsqduM",2,4,3,3,3,3,3,3,3,3,2,3,3,3,3,3,3,3,2,3,3,3,3,3,3,3,3,4,3,3,2.96666666666667
"R_7K2UaEf13kPFlf5",4,4,3,4,3,1,2,3,3,1,5,2,3,3,3,2,3,3,3,3,2,2,3,3,4,3,3,2,2,3,2.83333333333333
"R_1m2a7udOCDun13J",5,4,4,4,5,5,5,5,5,4,5,5,5,5,5,4,5,3,5,4,5,5,5,5,4,5,5,4,4,5,4.63333333333333
"R_15F4qBHBI8cfkAB",4,1,2,2,5,2,5,4,4,2,2,1,2,4,5,4,4,1,4,2,1,1,4,4,1,4,4,5,1,1,2.86666666666667
"R_5qgj4blxxqm1H3i",4,4,3,2,5,5,5,5,4,1,4,3,5,4,5,2,5,4,5,3,1,5,3,4,3,5,3,5,1,4,3.73333333333333
"R_3dHciQA5t6DOvw3",4,1,3,2,5,3,4,4,5,3,2,1,2,3,5,4,5,3,4,2,1,4,3,3,2,5,4,4,3,1,3.16666666666667
"R_3dMlw1oFPhqtbXI",4,3,2,2,4,3,4,5,3,1,5,4,2,3,4,2,3,5,3,2,2,2,5,2,4,4,3,3,1,4,3.13333333333333
"R_3LbDPvF5pZ04z9T",4,4,2,1,3,2,4,4,3,2,2,4,4,3,4,3,4,2,3,4,2,3,4,4,3,4,4,4,2,3,3.16666666666667
"R_7PABCIXVVl8tfzz",4,4,2,4,4,3,4,4,4,4,4,5,4,3,4,4,4,4,3,4,4,3,4,4,4,4,4,4,3,4,3.8
"R_38NVKpny3dgtqyC",4,4,4,4,2,2,2,2,2,2,4,5,4,2,2,4,2,5,2,4,2,2,4,4,4,4,4,4,2,2,3.13333333333333
"R_5EiKfJljrEZ15zh",5,5,5,5,5,4,5,5,5,4,3,4,5,5,5,4,5,4,5,5,5,5,5,5,2,4,5,5,5,5,4.63333333333333
"R_7alPva89UP0o5eG",2,3,3,2,2,3,4,5,3,4,4,3,2,3,3,3,1,3,3,3,3,3,4,3,3,4,3,3,5,3,3.1
"R_1Pd4ZMroipqVHCj",4,2,2,3,3,3,3,3,4,3,4,2,3,3,3,3,3,3,2,3,3,3,3,4,3,3,3,2,3,4,3
"R_3HRRLg2KU5uPl6x",4,4,2,4,4,4,5,4,4,5,4,4,4,4,3,4,4,3,4,5,4,4,4,4,2,4,4,4,4,3,3.86666666666667
"R_7dGOQ0yPHMubSSB",4,3,1,3,5,3,4,4,4,2,2,2,2,4,4,4,4,2,3,3,3,3,5,4,3,5,4,4,2,3,3.3
"R_5JgfZUL3aaCOYpO",5,4,2,2,4,3,4,4,5,3,2,3,4,4,4,4,4,2,4,2,4,4,4,4,4,4,4,4,2,2,3.5
"R_6dGknuFTemF90Vf",4,4,4,2,4,4,4,2,4,2,4,1,4,4,4,4,4,2,4,4,4,4,4,4,2,4,4,4,4,3,3.53333333333333
"R_6finOPOpHNPbG1j",4,4,3,2,3,3,4,4,2,3,2,4,4,3,4,3,4,4,3,2,4,4,3,2,4,4,3,1,4,2,3.2
"R_1EAsCCQKlzUirN1",5,4,2,3,4,4,4,4,4,4,3,4,4,4,4,5,4,3,5,4,5,5,3,4,2,3,3,4,5,3,3.83333333333333
"R_6zTpgls81lmbP0t",4,1,3,1,3,1,3,4,5,3,2,2,3,5,4,5,4,3,3,2,2,1,4,4,2,5,3,4,3,2,3.03333333333333
"R_11tlkNzOkYrwCUS",4,4,3,4,4,4,4,4,4,4,4,5,4,4,4,4,4,4,4,4,4,4,4,4,2,4,4,4,4,4,3.93333333333333
"R_6dFXBS5Si207siG",2,3,3,3,3,3,3,2,3,3,4,3,2,3,3,4,3,4,3,2,2,3,4,3,3,3,2,3,3,3,2.93333333333333
"R_5medLhJHatzlNMh",5,3,3,2,4,1,3,4,4,2,3,2,2,4,4,4,4,2,4,3,3,2,4,4,3,2,3,3,3,3,3.1
"R_6F06Glbz5OzTcL7",2,3,4,3,3,4,5,3,2,2,3,2,2,4,1,4,3,1,3,1,2,3,5,5,1,4,4,5,1,2,2.9
"R_7IrPij1BKJtdzbR",5,5,4,5,5,5,4,5,5,4,4,4,5,4,5,2,4,4,5,5,5,4,4,3,4,4,4,5,4,5,4.36666666666667
"R_72Siro7VW7tRzkZ",4,4,4,4,4,4,3,4,4,4,4,4,4,4,4,4,4,3,5,4,3,4,4,4,4,5,4,4,4,4,3.96666666666667
"R_5kcvOr4fMU1ce8t",4,4,3,3,4,4,4,4,4,4,1,5,4,3,4,4,4,3,3,4,4,3,3,3,2,4,3,4,2,3,3.46666666666667
"R_3ff3HkhHB3XV5Ie",3,1,1,2,4,4,5,5,5,4,5,4,4,5,3,4,5,3,5,3,5,5,3,5,3,4,5,4,3,5,3.9
"R_1yX02JbLMN46ckp",4,3,2,2,3,2,3,3,4,2,3,2,2,4,3,4,4,2,3,2,2,3,4,4,2,3,4,4,3,3,2.96666666666667
"R_5zaS6WQFyO5qPmN",3,3,2,3,2,4,3,2,3,3,4,4,4,2,3,3,2,3,2,3,4,4,3,2,3,3,2,3,4,3,2.96666666666667
"R_6ldSvtUjE6pIjKN",3,3,3,2,4,3,3,4,4,3,3,3,3,3,3,4,3,3,3,2,3,3,3,4,3,3,4,3,3,3,3.13333333333333
"R_7rOG1T8grQYPs8h",5,1,3,5,4,3,2,3,4,3,4,2,2,4,2,5,4,2,3,5,2,3,2,3,2,3,3,3,3,3,3.1
"R_1AQLRnuKuEWNIkI",5,3,1,3,4,1,4,3,4,1,4,2,2,2,4,2,4,3,3,3,2,2,4,2,2,4,3,4,2,3,2.86666666666667
"R_1I6RIVENtMLqQUB",3,3,2,2,3,3,2,3,3,2,4,3,3,2,3,3,3,4,2,2,2,3,3,2,2,3,2,2,4,2,2.66666666666667
"R_3MXNNpQV2QTJ9Cy",5,4,2,2,4,4,4,4,4,4,4,5,4,4,4,4,4,4,5,4,2,4,5,4,4,4,5,2,4,4,3.9
"R_5PAwH071nrHgdJX",5,5,3,4,5,5,5,5,5,3,4,5,5,5,5,4,5,4,4,5,5,5,4,5,4,4,4,3,4,5,4.46666666666667
"R_1w4z1tu6mG3geuB",4,1,1,2,5,2,3,2,4,3,2,1,2,5,3,4,4,4,4,3,2,1,4,2,3,4,4,4,1,2,2.86666666666667
"R_5xzz9CXJ4AvzLcl",4,3,3,2,3,4,3,3,3,3,2,3,2,3,4,4,4,2,4,4,2,1,5,4,2,4,4,4,2,3,3.13333333333333
"R_6stlrHG7rffrDXP",5,5,3,5,5,4,5,5,5,4,5,5,2,5,5,2,5,3,5,4,1,4,4,4,4,1,5,5,4,5,4.13333333333333
"R_7iufYs99mW3yj5L",4,4,3,3,4,4,4,5,4,4,3,4,4,4,4,4,4,4,4,4,4,4,4,5,3,4,4,4,3,4,3.9
"R_5bWpWG1wlKatK7T",3,3,3,3,4,3,3,4,4,3,3,3,2,3,3,2,3,4,3,5,3,5,3,4,3,3,3,3,3,3,3.23333333333333
"R_5lCJPrnlL8uEYfv",4,2,3,2,4,2,4,5,4,3,2,2,1,5,4,2,4,2,5,4,2,3,3,5,2,4,4,4,1,2,3.13333333333333
"R_6GhiklJsQhaWgnf",4,4,3,3,4,2,4,4,4,2,2,2,2,4,4,4,4,3,3,3,3,3,3,3,3,3,3,3,3,4,3.2
"R_3r0y6BLStOncJIB",5,5,2,2,4,4,3,4,3,3,3,4,4,3,5,4,3,4,3,3,3,2,4,3,2,4,4,5,3,2,3.43333333333333
"R_60GddwPLZm2WSpL",4,5,2,4,4,5,4,4,4,5,3,3,5,4,4,4,4,3,4,5,5,5,4,4,2,4,4,1,3,3,3.83333333333333
"R_60P7JYiwnN3GzGk",5,3,1,1,5,1,5,5,5,2,2,4,4,4,4,4,4,2,4,4,4,4,4,4,2,4,4,4,2,2,3.43333333333333
"R_6LopW5umgokWXAU",5,5,5,2,4,5,4,4,4,5,2,4,5,4,4,4,4,2,4,2,2,2,4,4,2,4,4,4,2,5,3.7
"R_1pF8QYJFGD4hoCB",4,4,2,2,4,4,4,4,4,3,2,4,4,2,4,4,4,4,4,4,4,3,4,4,2,4,4,4,4,2,3.53333333333333
"R_3CTlFsCWnVhuvNW",5,3,3,4,1,3,3,3,3,5,3,1,2,4,4,3,2,3,4,3,4,3,4,4,2,3,4,3,3,2,3.13333333333333
"R_5H208Tm2byZ91Wb",5,4,2,4,4,2,4,5,2,4,4,5,4,3,4,3,4,5,3,4,2,2,3,4,2,4,4,4,2,4,3.53333333333333
"R_1F37Kmyp23VsB59",5,3,5,5,5,1,4,5,5,5,5,5,5,4,5,5,5,5,4,3,5,5,5,5,5,5,5,5,2,5,4.53333333333333
"R_5Ibmzt5tVhFDd6o",2,3,2,4,3,3,1,4,2,1,4,5,4,4,1,4,5,4,2,5,4,1,2,4,5,3,5,1,3,2,3.1
"R_5tE0mtDRo0YJ5aV",4,2,4,4,3,2,4,3,3,2,2,3,3,2,3,4,4,3,2,2,2,3,2,4,3,4,4,4,2,3,3
"R_6jiVTlT1R6EqKVe",4,3,2,4,4,2,3,4,4,1,4,3,3,3,3,3,3,3,4,3,3,1,4,3,4,4,3,2,1,3,3.03333333333333
"R_7oMd6imwlJFjCrL",4,2,2,2,4,2,3,3,3,2,3,2,2,3,4,3,4,2,3,2,2,2,4,3,2,4,4,3,2,3,2.8
"R_1rIk7td49Pow0et",4,1,1,2,4,1,3,4,5,2,2,3,2,5,4,4,4,2,5,2,3,3,5,4,2,4,4,4,2,2,3.1
"R_2oEC4HxII5jKLLL",5,3,2,2,5,3,5,4,5,1,4,4,3,5,4,4,4,4,4,2,4,4,4,4,3,4,4,4,3,2,3.63333333333333
"R_5ylvzzWFHrbDGxN",3,3,2,2,4,3,4,5,4,2,2,2,2,4,4,3,5,3,4,3,2,2,4,3,1,4,4,4,2,4,3.13333333333333
"R_1RxHm4OOuJlfpa9",5,4,2,2,2,4,5,2,2,5,5,3,4,3,3,3,5,1,3,3,3,3,5,5,2,5,3,3,3,3,3.36666666666667
"R_3McBmfq2KRDKQEC",5,5,2,3,5,5,5,5,4,4,5,5,5,4,4,4,5,3,3,5,5,5,3,5,1,4,4,4,4,5,4.2
"R_3ohy07eHUUeYKp2",4,5,3,5,5,5,5,5,4,5,4,2,5,4,4,5,5,2,4,3,5,5,3,4,3,4,4,4,5,5,4.2
"R_1qI5L2BLlPaAblK",2,4,2,4,2,2,4,5,5,2,4,2,1,4,2,1,3,3,3,3,2,2,4,3,2,4,3,4,2,4,2.93333333333333
"R_5PcoGWjFsRj1joE",4,4,4,4,4,4,2,4,4,4,4,4,4,2,4,4,4,2,3,4,5,4,2,4,2,4,4,4,4,4,3.66666666666667
"R_5WDB38s1vy5QYXV",4,4,2,4,4,4,4,4,5,4,2,4,4,4,4,3,4,4,4,4,4,4,4,4,1,4,5,4,4,4,3.8
"R_5e4NnaSSq4hFvKT",5,5,3,3,4,3,5,4,4,4,2,4,4,4,4,4,4,4,4,4,4,4,4,4,4,4,4,4,5,2,3.9
"R_7prJE4PhW8CpLxY",4,2,2,4,4,5,4,4,4,4,5,2,5,4,4,4,4,3,4,4,4,5,2,4,2,4,4,3,3,3,3.66666666666667
"R_11dqQxHnak3INK0",2,3,4,2,3,1,3,2,2,3,5,5,2,5,3,5,4,2,3,3,2,3,4,2,4,4,3,2,3,3,3.06666666666667
"R_1sayNeYv020u5P2",2,3,2,3,5,3,4,2,3,2,4,2,2,3,3,4,4,3,4,4,2,2,3,3,3,4,3,5,2,2,3.03333333333333
"R_1gqAMEtVincD3Mx",4,2,2,2,3,2,3,3,3,2,3,2,3,4,4,3,4,3,4,3,3,2,2,4,3,3,4,4,2,3,2.96666666666667
"R_7I75ACYSV00s1xA",5,3,1,4,5,4,5,5,5,4,3,4,4,2,4,4,5,4,4,4,4,4,5,4,2,5,5,4,4,4,4
"R_7fkm7IRFmJBvH8Z",2,3,4,5,3,3,2,1,3,4,5,2,2,3,2,1,3,4,3,5,3,5,5,1,5,4,2,1,3,5,3.13333333333333
"R_1gTpXjQHhju4ku4",3,2,1,1,5,4,4,5,5,2,1,1,1,3,4,1,4,1,3,3,1,1,2,2,1,4,2,4,1,3,2.5
"R_5DSfVLR66aTVyJX",3,3,3,3,3,3,2,3,3,3,3,3,3,3,3,4,2,3,3,3,3,3,3,3,3,3,3,3,3,3,2.96666666666667
"R_5Hq3m8mu135Eamq",4,4,2,3,4,3,4,4,4,4,3,4,4,3,4,4,4,3,4,4,4,3,2,4,3,4,2,3,4,4,3.53333333333333
"R_5igRmYVFik4Dfbz",5,3,2,2,4,3,3,4,4,3,2,2,2,4,3,4,4,2,4,3,2,2,4,2,3,4,4,1,5,5,3.16666666666667
"R_7kcQizqGgcWrDgJ",5,5,3,5,4,4,4,4,4,3,5,3,4,2,4,3,4,4,4,4,3,4,4,4,4,4,4,3,3,5,3.86666666666667
"R_1SigqWleAcLOX18",5,5,5,5,1,4,1,1,1,5,5,5,5,1,1,1,1,5,2,4,5,5,2,3,3,3,3,3,3,3,3.2
"R_1GuohUMMUEnFvRn",1,2,3,2,4,2,3,4,4,3,2,2,3,3,4,2,3,2,4,3,3,4,4,3,2,3,3,3,2,1,2.8
"R_1J6ANvk8Fq9aVe9",4,3,3,2,4,2,4,4,4,4,3,3,2,2,4,4,4,3,4,3,2,4,3,3,2,4,4,3,2,3,3.2
"R_53xVrBm2sxauD33",4,3,3,2,3,3,3,3,4,3,3,3,2,3,3,3,3,3,3,3,3,3,3,3,3,3,3,3,3,3,3
"R_56kHJEAy42p6fep",2,3,4,4,4,2,3,4,2,2,5,2,2,3,4,2,4,5,4,3,4,2,2,4,4,2,2,3,2,2,3.03333333333333
"R_13jeAW48Huud0cN",4,4,2,1,5,2,5,5,5,4,2,2,1,4,4,5,4,2,4,2,3,3,4,4,2,4,4,4,2,3,3.33333333333333
"R_3431dwm2WlFhKox",4,4,2,3,5,5,4,4,4,4,3,3,4,3,3,4,4,3,4,4,2,3,4,4,2,3,3,1,3,3,3.4
"R_5tllqoBWhJMjVLn",4,5,3,4,4,4,4,4,4,3,4,3,4,4,4,4,4,2,4,4,4,4,4,4,2,4,4,3,4,4,3.76666666666667
"R_7v3ctLFVjoKz0pK",4,4,2,2,4,4,4,4,4,4,3,2,4,3,4,4,4,2,4,3,2,4,4,2,3,4,4,2,2,2,3.26666666666667
"R_5RkoVc51g5LX74M",4,4,2,2,4,4,4,4,4,2,4,4,4,3,3,4,4,4,4,4,4,2,4,4,3,2,4,4,4,4,3.56666666666667
"R_1P0hCbjU556NeVt",4,1,2,1,4,4,5,2,4,1,4,1,4,4,4,5,4,2,5,4,2,1,4,5,2,5,4,5,2,4,3.3
"R_5kUFi3285msYNmp",5,5,5,4,4,2,4,4,2,1,5,4,2,4,3,5,4,2,2,1,2,5,5,2,5,4,4,2,1,5,3.43333333333333
"R_5Mt2Ssx1UR9Bu7v",4,2,2,2,4,3,4,4,5,2,2,1,3,4,4,4,5,3,4,3,2,2,3,4,3,4,4,4,3,2,3.2
"R_6Keox7S6SKhqp0J",4,5,4,4,5,5,5,5,5,5,4,4,5,4,5,5,5,4,5,5,5,5,3,5,4,2,4,1,5,5,4.4
"R_9qTXNQzcUzej4rJ",1,1,1,1,3,5,5,5,5,3,2,1,4,4,5,5,5,2,1,3,1,2,5,5,1,4,5,4,1,5,3.16666666666667
"R_7Do44e0FzIKW61m",3,3,3,3,3,3,2,3,3,3,4,3,3,3,3,3,3,3,3,5,3,3,4,2,3,3,3,3,3,3,3.06666666666667
"R_3pi2cf2s5Wk8Hbf",2,2,2,2,2,2,2,4,2,1,2,2,1,5,5,3,4,1,5,1,1,1,4,5,1,5,5,5,3,2,2.73333333333333
"R_5nUzOX9ZDKkR2kP",5,4,4,4,5,2,4,4,5,1,4,5,5,4,4,5,4,3,4,5,2,2,5,4,4,4,5,5,4,4,4
"R_61G9f4NTJ1OFOUp",4,3,3,3,4,3,2,4,4,3,5,3,3,4,4,4,4,3,4,4,4,4,4,4,3,4,4,4,2,5,3.63333333333333
"R_6OYI8Wx0Yh8Oy5x",4,4,4,2,4,4,4,4,4,4,2,4,4,3,4,4,4,3,4,3,4,4,2,4,2,4,3,2,4,3,3.5
"R_7lgJ0wSMeyqbLkM",4,4,2,2,2,3,3,3,4,2,4,4,3,3,4,3,3,4,4,2,4,4,4,4,3,3,4,3,2,4,3.26666666666667
"R_7maUNcUixGsUwVM",4,1,3,2,4,1,4,4,3,3,2,3,2,4,5,4,4,2,4,2,1,2,3,4,1,4,3,4,2,2,2.9
"R_5CIp3b0EeTBsPeB",4,3,2,2,3,3,4,4,3,3,2,2,1,4,4,4,4,2,4,2,3,2,4,4,1,5,3,4,2,1,2.96666666666667
"R_77HP1j2rwKQe7N7",4,4,4,3,3,3,4,2,2,4,2,4,4,2,3,3,2,2,4,3,3,2,3,4,2,4,3,4,2,2,3.03333333333333
"R_35sflNi1UfK3GgX",5,4,2,2,5,4,5,5,5,3,1,2,4,5,5,5,5,1,5,4,4,4,2,5,3,3,5,5,3,4,3.83333333333333
"R_5rHPimg2ELg0XUZ",5,5,1,4,4,5,5,4,4,4,4,3,4,4,4,5,5,2,5,5,4,5,5,4,4,4,5,4,4,4,4.16666666666667
"R_5l49BYgerK37t0B",2,3,2,4,2,3,2,5,2,3,5,3,2,4,2,2,4,5,2,2,1,5,1,4,4,4,2,2,3,2,2.9
"R_6VPwmew9n51jfhv",4,3,2,1,4,3,3,4,3,3,2,5,3,1,3,3,4,4,3,4,4,3,2,3,3,3,3,3,5,3,3.13333333333333
"R_6qfD38WBGs83PA1",5,2,4,1,4,1,4,4,5,2,1,2,1,4,3,3,4,3,5,2,3,1,4,5,2,3,5,4,3,3,3.1
"R_6sojCaqFbEVE0kF",4,4,4,4,3,3,3,3,3,3,5,5,4,3,3,4,3,4,4,4,4,2,3,3,3,3,4,5,4,3,3.56666666666667
"R_796XHMtpGldWMfD",5,4,2,2,5,4,5,5,4,4,4,4,4,5,5,5,5,2,5,4,4,4,4,4,2,5,4,4,4,4,4.06666666666667
"R_6gBkRCJzWl9nLyZ",4,4,4,4,4,5,5,3,4,4,4,4,4,2,4,4,4,4,2,4,4,5,2,2,2,4,2,2,4,3,3.56666666666667
"R_7CkUojfXdv83rVS",4,3,3,4,3,2,3,3,3,2,2,3,2,3,3,4,4,4,2,3,2,2,3,3,2,2,4,4,2,3,2.9
"R_6bUJOXQEMmerkGJ",4,1,3,1,5,2,2,5,4,3,2,1,2,2,3,4,5,3,4,1,1,3,3,5,2,5,5,3,1,4,2.96666666666667
"R_1MNjVMHuxVNF9vh",4,3,2,3,2,2,3,3,2,2,4,4,3,5,2,3,4,4,4,2,2,1,4,3,3,3,4,4,1,2,2.93333333333333
"R_3QWy7IDjLL7BsyZ",3,3,3,3,3,3,3,3,3,3,3,3,3,3,3,3,3,3,3,3,2,3,3,3,3,3,4,4,1,2,2.93333333333333
"R_6dzqZPZNGyFQSZ6",4,3,4,1,4,2,3,2,3,2,1,2,3,2,3,4,4,3,3,2,2,1,4,2,3,4,5,5,2,3,2.86666666666667
"R_1Ivoupgo6cPb4Vz",4,3,2,4,4,3,4,5,4,5,4,2,4,4,4,3,4,3,2,5,1,5,4,4,4,4,4,1,1,4,3.5
"R_5jNiaP9MZBLp8We",5,4,1,1,2,1,2,2,2,1,5,1,1,1,1,1,1,1,1,5,1,1,1,1,5,1,1,5,5,1,2.03333333333333
"R_65HCxOsrOiKfAHO",5,5,1,5,5,5,5,5,5,5,5,5,5,5,5,5,5,5,1,5,5,4,1,3,5,1,5,5,1,5,4.23333333333333
"R_1Pc8wxv0ZlELcsM",5,4,3,2,4,4,4,4,3,4,2,5,4,4,4,4,4,2,4,4,4,2,4,4,2,4,4,3,4,3,3.6
"R_3M0yEAfxtGvjxgg",2,2,3,5,3,1,4,3,2,1,2,4,1,4,2,3,5,4,3,5,4,1,3,2,2,2,4,2,1,4,2.8
"R_5ml43dIlAw8oIUL",4,4,2,4,4,4,4,4,4,2,2,4,4,4,4,4,4,2,4,4,2,4,4,4,2,4,4,4,4,4,3.6
"R_7HCDGhzCVyMcWRf",4,4,3,2,3,2,2,2,2,3,4,3,3,2,3,4,2,3,3,3,2,2,3,3,3,1,3,4,3,2,2.76666666666667
"R_74Jnn31p8bZJ0oV",1,1,3,4,1,3,3,4,2,3,3,3,4,3,3,3,2,3,3,3,3,4,2,3,1,3,2,3,3,4,2.76666666666667
"R_14cqqmC18GfGrlL",4,4,2,3,4,4,4,4,4,3,4,4,4,4,4,4,4,2,4,4,3,2,4,4,2,4,4,4,2,4,3.56666666666667
"R_75ucgeXStJa1V61",4,4,2,4,4,2,4,4,4,2,4,4,4,4,4,2,4,4,4,4,4,2,4,4,4,4,4,4,2,4,3.6
"R_7fpuylnspmTVhDZ",3,2,2,2,3,3,2,4,4,2,3,2,4,2,4,4,4,4,2,4,3,3,3,4,2,4,4,4,4,3,3.13333333333333
"R_7oHoBfFvzG02dPx",4,4,3,3,2,3,4,3,3,2,4,3,2,3,2,4,3,4,2,3,2,3,4,3,4,2,2,4,2,2,2.96666666666667
"R_3aLKr40ggIcY3Sh",5,4,3,5,5,1,3,5,5,1,1,5,3,3,3,3,3,3,4,4,4,3,3,3,3,5,3,4,3,3,3.43333333333333
"R_1GjIwQ4QXOAiYC9",5,4,3,5,4,4,4,4,3,3,4,5,5,3,4,2,4,4,4,3,5,2,3,4,4,4,4,3,4,4,3.8
"R_6afwr302sZ5FdwG",4,3,4,4,4,2,4,4,4,2,4,4,4,4,4,4,4,4,4,2,3,4,4,2,2,4,4,4,4,4,3.6
"R_3JRHjFHo4dug7vP",4,4,2,2,4,4,4,4,4,4,4,4,4,3,4,4,4,3,4,3,4,4,3,4,2,4,4,4,3,4,3.63333333333333
"R_17Ch8wcmALBzGsh",5,4,2,2,4,1,4,5,4,2,2,4,4,2,4,2,2,5,2,3,2,2,4,2,1,2,4,4,2,1,2.9
"R_5roJofK0pjcS6D4",5,3,2,4,4,3,4,4,4,2,2,4,2,3,4,2,4,4,4,3,4,2,3,3,2,3,4,4,3,3,3.26666666666667
"R_7uQFgrlb8gUiu4G",4,4,4,4,4,4,4,4,4,4,3,4,4,3,4,4,4,4,4,4,4,4,4,4,3,4,3,4,4,4,3.86666666666667
"R_1wGi9qq07Whb26k",5,4,2,3,4,4,4,5,4,4,4,3,4,4,4,4,4,3,4,4,4,4,3,4,2,4,4,4,4,4,3.8
"R_7TTrPo04jfcdqT8",4,4,4,4,2,4,2,2,2,3,2,4,4,2,3,2,3,4,3,2,4,4,2,2,2,2,2,3,3,1,2.83333333333333
"R_1ansoMEzya1SoHV",3,4,2,3,4,4,5,4,4,3,4,4,4,4,4,4,4,4,4,4,4,4,2,4,3,3,3,3,4,5,3.7
"R_3S93nGR1rveZsqE",5,4,3,2,4,4,4,3,4,4,4,3,4,4,4,4,4,3,4,4,3,5,5,4,2,1,2,4,5,2,3.6
"R_7CwGoJGPPGQCqYi",3,3,3,2,3,3,3,3,3,3,3,4,4,4,3,3,3,4,3,3,3,3,3,3,2,3,3,3,3,3,3.06666666666667
"R_3zqKeoTgNEjbqaT",4,3,3,4,2,3,3,3,3,2,2,1,3,4,3,4,1,4,4,2,3,2,3,4,2,4,3,2,3,3,2.9
"R_6YnfscV6JUhC2IO",5,5,3,4,4,5,5,4,5,2,4,1,2,5,4,4,4,2,4,2,2,2,4,5,4,3,5,4,4,4,3.7
"R_57SyBCB2WuXpQl3",5,5,5,4,5,5,5,2,4,5,2,5,2,1,4,5,2,4,4,4,2,3,4,2,2,4,4,5,1,4,3.63333333333333
"R_6fl1Cje1nzzEqTt",4,3,3,4,4,2,3,4,4,1,5,5,3,3,4,4,4,5,4,3,3,4,4,4,4,2,5,3,2,3,3.53333333333333
"R_1Z5B8gSr6ms3TIB",4,4,4,3,4,5,4,4,4,4,3,4,5,3,4,4,4,4,4,4,5,5,4,4,2,4,3,4,5,4,3.96666666666667
"R_1to7h2sr7mOYwdH",5,2,3,4,3,2,5,4,3,2,1,2,3,5,4,3,4,1,4,3,2,1,4,3,2,5,4,3,3,2,3.06666666666667
"R_3oJRpsDvPPeXwxH",4,2,3,3,4,2,3,5,3,1,2,1,2,4,4,3,4,2,3,2,4,4,4,2,2,2,2,4,1,2,2.8
"R_5DvTy7gRvsnJFlf",4,3,3,3,4,2,2,2,2,2,2,2,3,2,2,4,4,3,3,2,4,4,3,3,3,2,4,4,2,4,2.9
"R_6AGMvKD6asAi17f",5,4,3,2,4,3,4,4,2,5,2,4,5,3,5,4,4,4,4,5,5,4,4,4,4,4,3,3,5,4,3.86666666666667
"R_7rJ4KRWsQQehYLi",5,5,4,4,5,5,5,5,5,4,3,5,5,4,4,4,4,5,4,4,4,4,4,4,4,4,4,4,4,4,4.3
"R_5K3GpWFOAgsRDmY",4,4,1,1,5,4,3,4,3,4,2,1,4,4,4,5,5,3,4,2,4,3,2,4,1,2,4,4,1,3,3.16666666666667
"R_18IEZEGCBmQ2QGZ",5,2,1,2,5,2,4,4,4,1,4,4,2,4,4,4,4,2,2,4,4,4,5,2,2,4,3,2,4,4,3.26666666666667
"R_741SXbyfRKi7Gdz",3,3,3,2,4,2,4,4,4,4,2,2,3,3,3,3,4,3,4,3,3,4,3,3,2,3,3,4,2,2,3.06666666666667
"R_7jAa7muxvbj6VfH",4,4,3,2,2,4,4,2,3,5,4,5,3,3,4,4,4,5,4,5,3,3,4,3,3,4,2,4,5,4,3.63333333333333
"R_6QsetWuOWgO7sxQ",5,4,2,4,4,4,4,4,4,4,4,4,4,4,4,4,4,4,2,4,4,4,4,2,4,4,4,3,4,5,3.83333333333333
"R_7ZbXnsQUZeEczCN",4,4,2,3,4,4,4,4,4,2,3,4,4,4,4,4,4,3,2,4,4,2,4,4,3,1,4,4,2,2,3.36666666666667
"R_58JkO0vNl64sBQ5",4,4,2,4,4,4,4,4,4,4,4,4,4,4,4,4,4,2,4,4,4,4,4,4,2,4,4,4,4,4,3.8
"R_6fNxEPNSxfWVXCV",4,5,3,3,4,4,4,4,3,4,4,5,4,4,4,4,4,4,3,3,5,5,2,4,3,4,4,3,4,4,3.83333333333333
"R_7LFp9JfEfzRZN9T",3,3,3,4,4,4,4,4,4,3,2,1,3,4,3,3,2,3,4,4,4,4,3,2,1,3,2,2,5,3,3.13333333333333
"R_5imU0pR4LvN98ob",5,3,2,2,5,2,4,5,5,2,4,2,2,4,4,4,5,2,5,2,2,2,4,5,2,4,4,4,2,2,3.33333333333333
"R_5rdhhnq2msr4Z76",5,5,2,2,4,4,4,4,4,4,4,4,4,2,4,4,4,4,4,4,2,4,4,4,2,4,4,4,2,4,3.66666666666667
"R_7OVm8AfdCMyQ9MN",5,1,1,1,5,5,5,5,5,1,1,5,5,5,5,5,5,2,4,5,5,5,5,5,2,4,4,4,2,4,3.86666666666667
"R_5tEHudzMUduPpvp",4,3,4,4,4,2,4,2,2,3,2,4,3,2,3,1,3,2,5,4,4,3,4,5,3,4,2,3,2,1,3.06666666666667
"R_7VgR6sHl7EZK123",4,4,1,1,1,2,1,1,1,2,5,2,2,2,1,1,1,1,3,1,2,2,2,2,1,2,2,4,2,1,1.9
"R_7g11nzA2jjUGmbK",4,2,1,2,5,2,3,5,5,2,3,1,2,5,4,4,5,2,5,1,2,1,5,5,2,4,5,5,2,1,3.16666666666667
"R_3wbm19TpYalz4t3",4,3,3,3,4,3,3,3,3,2,2,2,3,3,3,3,3,2,3,3,3,3,2,3,3,4,3,3,3,3,2.93333333333333
"R_6I6Xnq6FynHSF3j",1,2,4,2,4,4,2,4,4,2,2,4,2,2,4,2,2,4,1,2,2,4,1,1,5,5,5,2,4,2,2.83333333333333
"R_7K0UXUthxYhSA0A",5,3,3,5,2,2,4,2,3,2,5,1,1,3,2,4,5,3,1,1,1,1,5,5,4,2,5,5,3,1,2.96666666666667
"R_3pzfaf2zS5IXoRN",5,1,2,2,3,2,4,4,3,2,3,3,5,3,3,4,2,3,3,2,2,3,3,4,1,4,5,4,1,3,2.96666666666667
"R_1KnyBcZsWHfSfNn",5,4,3,3,4,5,4,4,4,3,2,4,4,4,5,4,4,3,4,4,5,3,4,4,2,5,4,3,4,4,3.83333333333333
"R_7NTV4FIYDIiLroV",5,4,1,2,2,1,2,4,2,4,2,1,2,4,2,2,4,1,4,2,1,1,5,4,2,4,4,4,2,3,2.7
"R_35TRQRUFWQLKFOx",5,5,1,1,5,5,5,5,5,5,5,5,5,1,5,1,5,1,5,5,5,5,1,5,1,5,5,5,5,5,4.06666666666667
"R_5pPh0hxn4w8gztS",4,2,2,3,3,4,4,4,3,1,2,1,2,4,4,5,4,2,4,2,2,3,4,4,2,4,5,4,1,2,3.03333333333333
"R_5rYrCxZ79sliXyb",4,5,4,4,4,3,4,4,4,3,5,5,4,4,4,3,4,3,4,4,4,4,4,4,4,4,4,4,5,5,4.03333333333333
"R_3P0LE32B3q7IXZe",4,4,3,3,4,3,3,3,3,3,4,3,3,3,3,3,3,3,3,3,2,2,3,3,3,3,4,4,3,3,3.13333333333333
"R_5qP9pcvJiErJg66",4,4,3,4,4,4,4,4,4,4,2,4,4,4,4,3,4,4,4,4,4,4,3,4,3,4,4,3,4,4,3.76666666666667
"R_1my0gusJNwVN47S",4,3,2,2,4,2,4,4,4,2,4,2,2,2,4,2,4,2,4,2,2,2,4,3,2,4,4,4,2,4,3
"R_3WUzt3NkpV5zakt",3,4,4,4,2,4,3,3,3,3,3,3,3,3,3,3,3,3,3,3,3,3,3,3,3,3,3,3,3,3,3.1
"R_7RWkqOusSPiqPeM",5,5,3,3,5,3,5,5,5,3,4,3,5,3,4,4,5,4,4,4,3,3,2,5,1,2,3,2,3,3,3.63333333333333
"R_5uwW1GNPHEPZEjP",4,3,2,3,4,3,4,3,4,3,2,3,2,4,3,4,3,3,4,2,2,2,4,4,3,4,3,4,2,3,3.13333333333333
"R_5WCihAOgcUedcZk",3,4,5,2,4,1,4,3,3,3,4,2,1,4,3,3,5,2,4,2,2,4,3,3,5,3,3,4,1,2,3.06666666666667
"R_3MR2wOcKDEOtwyF",5,1,3,3,4,2,5,4,5,1,1,2,1,4,5,5,5,3,2,3,2,2,4,4,2,4,5,4,1,1,3.1
"R_3m1UZFQc7rb44l9",5,2,2,5,4,2,4,2,2,5,4,3,5,4,4,4,4,2,4,3,3,3,2,4,2,4,3,3,3,5,3.4
"R_65EAY7lqI7ivK4L",3,2,3,3,3,5,1,2,2,5,3,4,4,2,3,2,2,2,3,4,5,4,2,3,2,3,3,4,3,2,2.96666666666667
"R_3gRbotitIRcBM7b",5,5,3,5,5,3,5,5,5,2,2,5,4,4,4,4,5,5,3,2,5,5,5,5,4,4,5,4,4,5,4.23333333333333
"R_6ePcGCUHHITSAEc",5,4,4,4,5,4,4,5,4,4,3,5,4,3,4,4,4,4,4,5,5,4,4,4,4,5,4,4,5,4,4.2
"R_11szzmPs5mGRu6J",4,4,2,2,4,4,4,3,2,4,2,4,4,2,4,3,4,2,3,4,4,4,4,3,3,2,2,2,4,2,3.16666666666667
"R_5gj5yKRvpTzaVNx",4,4,4,4,4,4,4,4,4,4,4,4,4,3,4,4,4,4,4,4,4,4,4,4,4,4,4,3,4,4,3.93333333333333
"R_75tnqr6vGdsHloP",5,5,3,3,3,4,4,3,3,3,2,5,3,3,4,5,3,4,4,3,4,5,4,3,2,4,4,3,4,1,3.53333333333333
"R_5RyHeKsHGHX3r7X",4,4,4,4,4,4,4,4,4,4,2,3,4,4,4,4,4,3,4,4,4,3,4,4,2,4,3,3,4,2,3.63333333333333
"R_3uxMDIM68Ryg7Zb",5,3,5,4,4,5,5,5,4,3,5,5,4,4,5,4,5,3,4,4,4,4,4,4,3,1,3,4,4,2,3.96666666666667
"R_7IQPqmlATzALGUO",5,4,4,4,5,3,2,2,3,1,2,2,2,5,4,3,3,3,4,2,3,3,3,3,3,5,5,4,2,2,3.2
"R_3xDlq2S6uPw5w8P",5,5,3,4,4,3,4,4,4,3,5,5,5,4,4,5,5,3,3,5,5,3,5,5,3,4,5,5,4,4,4.2
"R_3dYGhjebxDJwtJ4",5,4,3,4,4,3,5,5,3,4,3,2,4,4,4,3,5,2,3,3,5,4,5,5,3,5,3,4,4,5,3.86666666666667
"R_170LRwVEPhBnadb",4,3,4,3,4,4,4,3,3,4,2,4,3,3,3,4,4,4,3,3,4,3,4,4,4,4,4,3,4,3,3.53333333333333
"R_5DpW3cwN0vrKupI",5,2,2,4,5,2,5,5,4,1,4,5,2,4,2,2,4,4,5,4,2,1,2,5,2,5,2,4,4,4,3.4
"R_1YJ4PhVqGeXyzaV",4,5,4,2,3,4,4,4,4,5,4,5,5,1,4,3,3,3,4,4,5,3,4,4,5,4,3,3,4,4,3.8
"R_5wLKofpoMG6ifbr",4,4,4,3,2,3,4,3,3,4,4,4,4,3,4,4,4,3,4,3,4,3,4,2,4,4,3,2,4,4,3.5
"R_1i1OwAEpRdxdVN7",4,4,3,2,4,3,4,3,3,4,3,4,4,3,4,4,4,3,4,3,3,4,2,4,3,3,3,4,4,3,3.43333333333333
"R_3M9xhlRWE2z06ER",4,3,4,4,2,2,3,3,3,2,3,3,2,4,3,2,3,2,4,2,2,2,2,3,2,2,2,4,2,3,2.73333333333333
"R_5LtmRRCFrFNzPxb",4,2,3,2,3,4,3,4,4,2,2,4,4,4,4,4,4,2,4,3,4,4,4,2,3,4,3,4,2,2,3.26666666666667
"R_5lt6t4j8YY71s3C",4,4,3,4,4,2,4,4,4,3,5,5,4,4,4,2,3,4,2,2,2,1,3,4,3,4,3,4,2,3,3.33333333333333
"R_3flcaFWiEzGlW0z",3,3,4,3,4,4,4,4,3,4,3,3,4,3,4,4,3,4,4,3,4,4,3,2,4,4,3,2,4,3,3.46666666666667
"R_5R4wMYSZx064Fxq",5,5,4,5,5,4,5,5,4,3,5,4,4,4,4,5,5,3,3,2,4,4,4,5,3,4,4,4,2,4,4.06666666666667
"R_5JfL2nIAUug4iPa",4,4,2,4,4,3,4,4,4,3,3,4,5,3,3,4,4,3,4,4,4,4,3,4,2,4,4,4,3,4,3.63333333333333
"R_6oM8rMgHrXTOZ0o",4,1,1,1,4,1,4,5,5,1,2,1,1,5,4,5,5,2,5,1,1,2,5,5,1,5,5,4,1,1,2.93333333333333
"R_5pKjJBb1i8PpMbj",4,5,2,5,4,3,4,4,4,1,5,2,5,1,3,1,3,4,4,5,5,2,4,4,1,3,3,4,2,3,3.33333333333333
"R_3COVtMZnAkIXYQx",3,3,4,4,2,3,2,2,3,3,4,3,3,4,3,3,3,3,3,3,3,3,3,3,4,2,4,3,2,3,3.03333333333333
"R_3RTiyVGeYz0aYlX",5,1,1,1,5,1,5,4,5,2,1,1,2,5,4,5,4,1,4,1,2,1,5,5,2,5,4,5,1,2,3
"R_9Ko6VUlnS5brTqN",4,4,1,2,4,4,4,4,4,4,3,5,5,3,3,3,3,4,4,2,5,5,3,3,3,3,3,3,3,3,3.46666666666667
"R_13f26CHXBygN3UE",4,4,2,4,4,4,4,4,4,4,4,4,4,4,4,4,4,4,4,4,4,4,4,4,4,4,4,4,4,4,3.93333333333333
"R_6HOG4TBXusNkrXT",4,3,3,3,4,3,4,4,4,3,4,4,4,3,3,4,3,3,3,3,4,4,4,4,3,3,3,4,2,3,3.43333333333333
"R_7isTWLL25asnz86",4,4,3,4,4,3,4,3,4,2,3,2,4,4,4,5,4,2,4,4,2,2,4,4,2,4,4,4,4,4,3.5
"R_3nNsH4otQiGWhBf",4,4,3,3,3,3,3,3,3,3,3,3,3,3,3,3,3,3,3,3,3,3,3,3,3,3,3,3,3,3,3.06666666666667
"R_7CE0guvfyrrt836",5,1,1,2,4,4,4,4,4,4,2,3,4,4,4,4,4,1,5,3,5,4,4,4,2,4,4,4,3,2,3.43333333333333
"R_7fZQD4Jf65YZHCU",5,3,2,3,4,3,4,4,4,4,1,3,4,3,4,4,4,4,3,3,4,4,4,1,4,4,4,5,5,3,3.56666666666667
"R_7Hzwt9UmKWEwFQH",4,3,3,2,3,3,3,2,2,4,2,3,3,4,3,4,3,2,3,3,2,3,4,2,3,3,3,4,3,2,2.93333333333333
"R_1coUgYVdOvnwtTb",4,5,4,3,5,5,3,3,3,4,3,3,4,3,5,4,4,3,4,3,3,4,2,4,3,5,4,3,4,3,3.66666666666667
"R_1nwsNfArFfIHHtB",4,4,2,2,5,4,4,4,3,4,4,4,5,4,5,3,3,2,5,4,5,2,3,4,3,4,5,4,3,5,3.76666666666667
"R_6veV1V1XDql3BJi",4,3,4,3,3,2,2,4,4,2,3,4,4,3,4,4,4,4,4,3,2,3,5,4,2,4,4,4,3,3,3.4
"R_3PRnL9GkacgrAn6",2,4,2,2,4,1,4,4,3,2,1,2,3,4,5,4,4,1,2,3,3,2,3,3,4,2,3,4,2,1,2.8
"R_6m37LAKqjV0TJuC",4,1,2,2,5,2,4,4,5,2,2,2,2,3,5,5,4,1,5,2,3,2,5,4,1,4,5,4,2,2,3.13333333333333
"R_1WJ8M91QaGqkKrx",3,5,3,2,5,1,5,5,5,5,5,5,5,5,5,4,5,4,1,5,5,5,5,5,5,5,5,5,1,5,4.3
"R_7QEZnQTtIJiVFow",4,2,1,4,4,2,4,5,4,4,4,2,4,4,4,4,4,3,4,4,2,4,4,4,4,4,4,4,4,4,3.63333333333333
"R_3E1lAhesUhGJxEd",3,4,3,2,2,2,2,3,3,2,3,2,3,4,3,3,3,2,3,3,3,3,3,4,2,2,2,4,3,2,2.76666666666667
"R_3CNS4ExL4KVFzTw",4,2,1,2,4,2,5,4,5,1,2,3,4,3,5,3,5,2,4,1,2,2,3,5,1,5,5,4,4,2,3.16666666666667
"R_5q8XXif9YDAgoQV",4,2,2,2,4,2,2,3,2,2,2,2,2,4,2,2,4,2,4,2,1,3,3,2,4,4,2,4,2,1,2.56666666666667
"R_1pVBtsd9NtU9y8d",5,3,2,1,4,4,5,4,4,4,2,4,4,2,4,4,4,3,4,5,4,5,4,4,3,4,3,4,4,2,3.63333333333333
"R_5Tdv92OtUPduJbP",1,4,3,2,5,2,3,2,1,4,3,2,1,4,3,2,1,4,3,2,1,2,3,2,5,2,3,4,1,2,2.56666666666667
"R_1ZpdzuFb6nfizmN",5,3,1,2,4,2,3,4,4,2,2,1,5,3,3,4,4,3,4,2,1,1,5,5,1,5,5,5,1,2,3.06666666666667
"R_6jTBkys7hizQQIH",2,3,2,2,3,4,3,3,5,2,3,2,3,3,2,3,4,2,3,3,4,3,4,3,2,4,3,4,3,2,2.96666666666667
"R_7jUlInnnlaVlm8J",2,1,3,2,4,1,3,3,4,3,4,3,1,3,4,1,4,3,3,2,4,2,2,3,2,2,5,3,2,1,2.66666666666667
"R_5SwchB5xw2PBOO3",4,4,3,4,4,3,3,4,4,3,4,3,4,4,4,3,4,4,4,4,3,4,4,3,4,4,4,4,4,3,3.7
"R_62gNZjHo4EQTbBy",4,4,2,4,4,4,4,5,4,2,2,1,2,4,4,4,4,2,2,4,4,5,4,2,5,4,1,4,2,4,3.36666666666667
"R_6t3Tr4mwzMdFcAg",3,2,1,1,4,3,4,4,5,1,3,2,3,4,5,4,4,3,4,2,1,3,4,3,2,2,3,3,2,2,2.9
"R_5r2HFQsXV0AewHn",4,4,2,2,4,2,4,4,4,4,4,2,4,4,4,2,4,2,4,4,4,4,4,4,2,4,2,4,4,4,3.46666666666667
"R_1diUIDmLMvzF6aY",4,4,2,4,4,4,4,4,4,4,3,4,4,4,4,4,4,4,4,4,4,4,4,4,2,4,4,2,4,4,3.76666666666667
"R_1IsWVQc0OZa6DNr",4,4,3,2,4,4,3,4,4,3,3,2,3,4,3,4,4,3,4,3,4,4,3,4,2,4,4,3,2,4,3.4
"R_6zCi0ZMwXNY1dGs",5,4,4,2,5,1,5,4,4,1,4,5,4,3,4,4,5,3,5,5,2,5,2,3,5,4,5,4,2,5,3.8
"R_7ey8UkBc9W3Pnj3",5,5,4,3,5,4,5,5,5,5,3,2,4,5,4,4,5,3,5,5,5,3,4,4,2,5,4,4,4,4,4.16666666666667
"R_1Hno6wtMOtcC0cW",4,3,5,5,3,1,3,3,3,1,4,5,1,2,1,1,4,4,2,4,3,5,2,1,4,1,1,5,1,3,2.83333333333333
"R_6f6SFVdsQoo2mz6",2,4,2,3,3,2,3,4,3,4,3,3,3,3,2,4,3,2,2,3,3,4,4,4,3,5,4,5,3,2,3.16666666666667
"R_3mk6xQHooB8Huby",5,1,3,3,5,1,4,4,4,2,5,5,2,4,4,5,4,3,5,3,3,3,4,3,3,4,3,2,2,4,3.43333333333333
"R_5j8p5Vo90h0FG1x",4,3,3,1,2,2,2,2,4,2,2,5,4,1,4,3,4,2,4,3,2,2,4,2,2,2,3,3,2,1,2.66666666666667
"R_5GVVqzHEujWmsNP",5,2,2,1,3,2,5,5,2,2,1,1,1,4,5,4,5,4,3,1,1,3,4,5,2,5,2,3,5,2,3
"R_1e8rHsVDW9fQOzo",4,4,2,2,4,2,2,4,4,2,2,2,4,2,2,1,4,4,2,2,4,2,4,4,4,4,4,4,2,5,3.06666666666667
"R_3XnsJpTLws66Xar",4,2,2,2,3,2,4,4,4,2,2,2,3,4,3,4,3,2,3,2,2,2,4,4,3,3,3,4,3,2,2.9
"R_6ESDeeWeeX7ZQeG",5,4,3,2,4,4,2,4,4,2,4,4,4,4,4,3,4,3,4,3,3,3,4,3,3,4,3,4,3,3,3.46666666666667
"R_1DP9eJZCP1OBbNh",5,2,1,1,3,1,4,5,4,2,1,2,1,4,2,5,5,1,4,1,1,1,4,5,2,5,4,5,1,4,2.86666666666667
"R_12eqqTBycuY6KFr",4,4,3,3,4,2,3,4,4,3,2,2,2,4,3,3,4,2,4,3,3,3,4,4,2,4,4,4,2,2,3.16666666666667
"R_3PcpXLqgY3JN4Ac",4,3,3,2,3,1,2,3,4,1,4,4,2,2,1,2,2,4,3,1,1,1,2,2,4,1,3,3,2,2,2.4
"R_7DYWGg0sn2qvHTX",5,5,4,2,3,5,4,4,2,2,2,4,5,3,3,1,3,3,1,2,2,4,4,1,1,5,3,2,2,2,2.96666666666667
"R_5SLTqvccMdG5oul",5,1,2,1,5,2,5,5,4,1,1,1,2,5,5,4,5,1,4,1,1,3,3,5,1,4,4,5,1,2,2.96666666666667
"R_7Lhj4WItM9kTshk",3,3,3,3,4,3,4,3,3,2,4,3,4,3,3,3,3,2,2,3,3,3,4,2,2,3,3,3,2,4,3
"R_7vpFRXW8ufjTUiZ",4,4,3,4,4,4,4,4,4,4,4,4,4,4,5,4,4,2,4,3,2,4,3,4,2,4,4,3,2,4,3.63333333333333
"R_52lhe45eUySh6NK",3,2,3,5,4,3,3,4,3,3,4,2,2,3,4,4,4,3,3,1,2,2,5,4,2,4,3,4,3,3,3.16666666666667
"R_1VaolO01zRBuxUY",4,3,3,4,2,4,4,2,3,5,4,3,3,3,2,2,3,4,3,3,3,3,3,2,3,3,2,3,3,3,3.06666666666667
"R_5Ky0tWaYFSLDAT5",4,1,2,3,5,3,5,4,2,1,2,1,3,3,2,4,3,5,3,3,2,3,5,2,1,5,4,4,2,2,2.96666666666667
"R_1FRqnmZCAG3xmWl",4,4,4,2,4,5,5,5,4,4,2,2,4,5,4,5,2,2,4,4,2,3,4,3,2,4,3,4,4,4,3.6
"R_75TpK6lYpXxnUGl",3,3,2,2,3,3,3,4,3,2,3,2,3,3,3,4,3,3,4,3,3,2,3,3,3,3,4,3,2,2,2.9
"R_65uuOBQuhlHu4cy",4,1,2,3,3,1,3,4,5,2,3,2,1,3,3,4,5,2,3,2,2,3,3,5,2,5,4,5,2,1,2.93333333333333
"R_7DrS6Fm6TrOqra9",5,3,2,4,5,4,4,5,4,2,4,3,4,4,4,2,4,2,4,4,2,4,4,2,4,5,5,5,4,5,3.76666666666667
"R_5PzNB33lG690A60",2,4,4,5,5,2,4,1,5,2,2,4,3,5,2,4,3,4,5,2,2,3,3,2,1,4,4,4,4,5,3.33333333333333
"R_54DicyqwBIaTQvR",4,4,2,2,2,4,2,4,4,2,4,4,4,2,4,4,4,2,2,4,4,4,4,4,2,4,4,4,4,4,3.4
"R_5JrblWrGRpNsRAW",4,3,3,2,4,3,3,4,3,2,3,2,3,3,3,4,3,3,3,3,3,2,3,3,1,5,3,3,2,3,2.96666666666667
"R_3GNvpqbl7vKY4HQ",5,3,2,3,5,1,1,5,1,1,1,5,3,1,1,1,1,5,1,1,5,1,3,3,1,1,1,3,1,1,2.23333333333333
"R_38U7lY4dRg210M2",5,4,2,3,3,3,3,3,3,3,3,3,3,3,3,3,3,3,3,3,3,3,3,4,2,3,3,3,3,3,3.06666666666667
"R_1kyjyFMadgqbC1P",5,5,2,5,4,3,5,5,5,5,4,5,5,4,5,4,5,2,4,5,5,5,4,4,3,3,5,4,2,5,4.23333333333333
"R_7kby0wT3hZX3eTL",4,4,3,4,4,3,4,4,4,3,3,4,4,3,3,3,4,4,4,3,3,3,4,4,3,3,4,3,3,3,3.5
"R_6LGrAKPdslOIyjH",4,1,3,2,4,1,4,3,4,3,2,1,2,3,4,5,4,2,5,1,2,2,5,5,2,5,4,4,2,1,3
"R_7kG3WFkHGrSbhqN",5,5,1,4,5,4,5,5,5,5,5,4,5,5,5,5,5,3,2,4,5,5,2,4,2,4,5,4,1,4,4.1
"R_6g6nUxrNBYlWHG3",3,2,3,3,4,1,3,3,5,3,3,1,2,3,4,5,4,3,5,1,2,2,5,5,3,5,5,3,2,1,3.13333333333333
"R_7gT4ovKVXu6wfSg",4,5,5,3,1,1,2,4,2,4,2,2,5,2,1,5,5,2,2,5,2,1,2,5,3,1,4,2,3,1,2.86666666666667
"R_6WOu2X3EXLmpG5j",4,3,1,3,4,3,4,3,4,1,3,1,2,4,3,5,4,3,5,1,2,3,5,4,1,4,4,3,2,1,3
"R_5D7AvHDLoubPD6d",4,4,3,2,4,4,4,4,4,2,4,3,3,3,3,4,4,1,4,3,3,3,4,4,3,3,3,3,4,3,3.33333333333333
"R_5sp1OTcYxdTBOPc",5,2,3,2,4,1,3,3,4,3,1,2,2,3,4,5,4,3,5,1,3,2,4,5,1,3,4,4,3,1,3
"R_5feArODia9KIdNJ",5,4,3,4,4,4,4,4,4,2,4,2,2,4,4,2,4,2,4,4,3,3,4,4,2,4,4,4,4,4,3.53333333333333
"R_6813LD5V2VBexyh",1,3,4,2,5,3,4,2,4,4,2,5,2,4,3,3,3,3,2,2,1,4,5,1,1,4,2,3,2,4,2.93333333333333
"R_5wtMvFOrwYs2lmV",1,5,5,5,5,5,5,5,3,5,5,1,5,5,5,5,5,5,5,5,5,5,5,5,5,5,5,5,5,5,4.66666666666667
"R_6COZ2QDg7ahTBro",4,4,2,2,4,2,4,4,4,4,2,4,4,4,4,2,4,2,4,2,2,2,4,4,2,4,4,4,4,4,3.33333333333333
"R_30dmf15IH492c6J",1,3,4,2,5,3,4,2,4,4,2,5,2,4,3,3,3,3,2,2,1,4,5,1,1,4,2,3,2,4,2.93333333333333
"R_7uplO4CroJuK1Bf",4,1,2,1,5,2,3,3,4,3,2,2,1,4,4,3,3,4,4,3,3,2,3,4,2,4,4,3,1,3,2.9
"R_5E112Kdc9B5eeIq",5,5,2,2,5,4,4,4,4,4,4,4,4,4,5,2,5,2,4,4,4,5,5,4,1,4,4,4,4,4,3.86666666666667
"R_6EiyxtDCB1wuyL5",4,5,2,3,5,3,4,5,4,4,3,4,4,4,5,5,4,3,4,4,4,4,4,3,3,4,5,2,5,2,3.83333333333333
"R_61nMHvKmmWwFlCh",4,4,2,3,4,5,4,4,4,5,4,5,5,4,4,5,5,4,5,5,5,5,4,4,4,4,4,4,4,4,4.23333333333333
"R_1oAQTesiRxTvn55",3,2,3,2,4,2,3,5,3,2,2,1,2,3,4,5,4,2,2,1,1,2,4,4,1,5,4,4,2,2,2.8
"R_35NGvxIeJE1eqfZ",2,2,4,2,2,3,2,4,2,2,4,2,4,4,2,3,2,1,1,1,4,1,2,1,1,2,5,1,1,5,2.4
"R_70hO1uBKtZ5Y1Ls",5,4,1,1,3,2,4,3,5,4,1,2,5,2,4,4,4,1,5,4,5,4,4,5,1,2,5,2,3,1,3.2
"R_72D8qSiOPXzVZ9R",5,2,3,3,4,1,5,4,4,3,3,3,2,5,4,3,3,2,5,2,2,3,3,4,1,4,3,4,1,2,3.1
"R_3ESboLdcNKqTQOS",4,4,2,2,3,4,4,3,4,4,3,3,3,3,3,4,3,2,4,3,3,4,3,4,3,3,4,4,4,3,3.33333333333333
"R_10OsPGhyDwBI9kE",4,3,2,2,4,2,3,4,4,3,4,5,5,4,4,4,4,2,4,3,2,2,4,2,3,4,4,4,2,3,3.33333333333333
"R_3Jg52uGh6mYxzJ7",5,5,1,5,5,5,4,5,5,5,5,4,5,5,5,5,5,4,4,4,5,5,4,4,3,5,5,5,4,5,4.53333333333333
"R_61hFbc6r2FVxfhi",5,4,2,4,5,5,4,4,5,4,2,4,4,4,4,4,5,2,4,4,3,4,4,4,1,4,4,3,4,2,3.73333333333333
"R_5azrZRXFW70Zl2M",4,1,1,2,4,2,5,4,5,2,2,3,2,5,4,4,4,1,4,3,2,1,4,4,2,4,5,4,3,3,3.13333333333333
"R_1X5v6e6MRhn3CTo",5,4,1,5,5,1,4,5,5,1,2,5,1,4,2,1,1,5,1,1,5,2,1,5,1,1,5,4,2,5,3
"R_1E9EKMVWG0b4myE",5,4,1,1,3,5,3,3,4,4,5,2,5,1,2,5,4,3,2,5,5,4,2,4,4,2,4,3,5,5,3.5
"R_7wvRFUArj8pMGpO",4,3,2,2,3,2,2,4,4,3,4,3,3,4,4,3,3,1,3,2,1,2,4,4,3,4,4,5,2,2,3
"R_161xBTa6RbcVN3X",3,5,4,3,2,4,4,4,4,2,4,4,4,2,4,3,2,4,4,4,4,3,2,2,4,2,2,3,3,3,3.26666666666667
"R_6Pjuw2O3aqRXaCU",5,4,2,5,4,5,4,5,5,5,2,1,4,4,4,3,4,5,4,5,3,5,4,5,2,5,4,5,3,4,4
"R_7meCo1Ke7pyhp5Q",4,3,3,2,4,2,3,4,3,3,2,2,2,3,4,4,3,2,2,2,3,3,4,4,3,4,4,3,4,2,3.03333333333333
"R_6TTP7rYj6gNjHKW",5,2,2,1,5,2,5,5,4,3,2,1,1,3,4,5,4,2,3,1,1,2,3,5,1,4,3,4,2,1,2.86666666666667
"R_5aCB9Qv1zahCbqV",5,2,1,2,5,1,4,5,4,1,2,3,2,5,4,3,5,2,3,2,2,1,4,4,1,4,5,4,1,2,2.96666666666667
"R_1170WjJHEpEXtWj",3,1,2,1,4,3,4,5,4,3,2,1,1,4,3,4,5,2,4,3,2,1,5,3,1,5,3,4,2,1,2.86666666666667
"R_1eappizCnpLxqEs",5,2,3,2,5,2,4,5,4,2,1,2,1,4,3,4,5,2,5,2,2,1,4,4,1,4,5,4,1,2,3.03333333333333
"R_1FCDb16uLfJe61S",4,1,2,2,5,2,3,4,5,2,2,2,1,4,4,5,4,3,4,1,2,2,5,4,1,4,4,5,2,1,3
"R_6zwNlroSnUwo2Y1",4,2,1,3,3,2,4,5,5,2,3,3,2,4,4,5,3,2,4,2,3,2,4,4,1,4,4,3,2,2,3.06666666666667
"R_6JFIsFakh0FzHSp",5,2,2,4,4,1,3,4,4,1,4,5,3,4,4,2,4,5,3,3,1,1,3,4,4,4,4,4,1,4,3.23333333333333
"R_51hi0ZPPmGnC4kd",5,2,3,2,2,2,1,2,3,3,3,1,2,4,3,3,5,1,3,3,1,4,3,3,2,4,3,3,2,1,2.63333333333333
"R_3aLaYt5sSDkTZu9",5,2,3,2,2,2,1,2,3,3,3,1,2,4,3,3,5,1,3,3,1,4,3,3,2,4,3,3,2,1,2.63333333333333
"R_1M4t1aCyvI7hvNf",4,3,3,3,3,3,4,3,3,4,3,4,4,3,3,3,3,2,3,3,4,4,4,3,3,3,3,3,3,4,3.26666666666667
"R_6FQwI5rrWRakAm4",4,1,3,2,5,1,5,5,5,2,2,2,4,5,4,4,5,1,4,1,3,4,3,5,1,5,4,5,4,5,3.46666666666667
"R_3Qo3HmUgryPo4vx",3,3,2,2,4,2,4,4,4,3,3,2,2,3,4,3,4,2,4,2,3,3,4,4,3,4,3,3,3,3,3.1
"R_7oWbHJRx9eVh3mF",4,4,2,2,4,2,4,5,4,2,3,3,4,4,5,4,5,1,4,2,2,2,4,4,2,5,4,4,3,5,3.43333333333333
"R_3hsStidCOPFiW3Y",4,3,2,3,3,2,3,3,4,2,2,2,2,4,4,4,3,2,4,2,3,2,3,4,2,3,3,3,2,2,2.83333333333333
"R_31twatt8LnXzkIy",4,1,2,3,5,1,4,3,3,1,2,3,3,4,5,4,5,1,3,3,2,1,5,4,3,3,5,3,3,1,3
"R_36TKpb8ZmQrG1Md",5,4,1,2,5,1,5,5,5,1,1,2,4,4,4,5,5,1,5,4,4,4,4,4,2,4,5,5,5,5,3.7
"R_6LHyi9WBKC5FUVg",5,4,1,1,5,1,5,5,5,1,5,3,1,5,5,4,5,1,5,4,1,1,4,5,1,5,4,5,4,5,3.53333333333333
"R_1lnl6Ks5BzlkQAb",4,4,2,2,5,4,5,5,5,1,5,3,5,5,5,1,5,1,5,1,3,2,3,5,5,3,4,3,5,5,3.7
"R_5Kdnbtdn92gv3g6",4,3,1,1,2,2,2,4,3,1,5,1,1,2,2,2,2,1,2,2,1,2,2,2,1,2,2,4,1,2,2.06666666666667
"R_6kTgvMGPho58kd2",4,2,3,3,4,2,5,5,4,3,3,3,2,4,5,5,4,3,3,2,2,1,4,2,2,4,3,3,4,2,3.2
"R_3Yyr40HiOUWXoL4",4,3,4,3,4,1,4,3,3,4,4,3,2,4,5,4,2,3,4,2,3,3,4,4,2,3,2,2,3,2,3.13333333333333
"R_1KeRptZnJeUCirK",4,1,2,2,5,2,5,4,5,1,2,1,2,4,5,4,5,1,4,1,1,2,5,4,1,5,4,5,2,2,3.03333333333333
"R_3qbb0SLpXxxiZmC",4,1,2,1,4,1,4,5,4,1,2,1,2,5,4,5,4,1,4,1,2,1,4,5,2,5,4,5,2,1,2.9
"R_6649kbAIajO0Lrb",4,2,1,2,5,2,2,5,4,2,1,2,4,4,2,5,5,4,4,1,2,1,2,4,1,4,5,4,2,1,2.9
"R_7Fqjq4qdiq057IR",4,2,1,2,5,2,4,5,4,1,1,2,2,5,5,4,5,1,4,2,1,2,5,4,1,4,5,4,1,1,2.96666666666667
"R_3DGSVLkpPxRUC5j",4,1,1,3,4,1,4,3,5,2,2,1,1,4,5,4,5,2,5,2,2,1,4,4,2,5,4,5,3,1,3
"R_5MiBxGHwkvjd5fS",4,3,2,3,3,2,4,4,4,2,3,2,2,4,4,3,4,2,3,3,3,2,4,4,2,3,4,4,3,3,3.1
"R_5YTYvErYeB7OXAJ",4,3,2,2,5,3,4,5,4,3,2,2,1,5,4,5,4,1,4,2,1,3,4,4,1,4,3,4,1,2,3.06666666666667
"R_3MrOtETZMxyQ79T",4,3,1,2,3,1,4,3,5,2,2,3,1,4,4,4,3,2,4,2,3,1,4,4,1,4,4,3,2,2,2.83333333333333
"R_1t9bxsdmklM5cEE",4,3,1,2,4,3,4,5,4,2,3,1,2,4,5,3,4,1,4,2,3,1,4,5,2,5,3,5,1,1,3.03333333333333
"R_5IEtfH3JvpcVhac",5,2,2,2,3,4,3,3,3,4,3,3,2,3,2,3,4,2,4,4,3,3,2,4,1,4,3,3,4,2,3
"R_3Ed44PhFYdVkg9H",4,2,2,2,4,2,4,4,4,2,2,2,2,3,3,3,3,2,3,3,3,2,4,3,2,4,3,3,2,3,2.83333333333333
"R_5KnouKJdDXyA4Uh",4,2,2,2,3,3,2,2,2,3,4,4,3,4,4,3,2,4,2,5,4,3,3,3,4,2,4,4,3,2,3.06666666666667
"R_625ydHqllwQ449y",4,2,2,2,5,1,5,4,3,3,3,3,4,2,3,3,2,4,3,3,3,3,3,3,5,2,3,4,3,3,3.1
"R_3iJP5JV1LlKLLUS",4,3,2,2,4,3,3,3,3,3,3,3,2,4,3,3,4,3,3,2,3,3,3,4,2,4,4,4,3,3,3.1
"R_7dFOEPORpH5vgTn",5,2,2,1,4,3,4,4,3,3,4,3,3,3,3,3,3,3,4,1,2,3,2,2,2,4,3,4,3,3,2.96666666666667
"R_7oQLvdqVeX0KEpU",4,1,1,1,4,1,5,5,4,2,2,3,3,3,3,3,3,2,5,1,2,2,5,3,2,3,2,2,2,2,2.7
"R_6NaVxUE5LLOUlXQ",1,4,3,1,4,3,1,3,3,3,3,1,1,3,3,5,4,3,4,1,4,3,3,4,2,5,5,1,3,1,2.83333333333333
"R_3Ptj7hKnqAjIYef",4,3,2,3,4,3,4,3,4,3,2,3,2,3,4,3,4,3,4,3,2,3,4,4,3,4,3,4,3,2,3.2
"R_71A2ClMIG4OGeeB",1,4,3,1,4,3,1,3,3,3,3,1,1,3,3,5,4,3,4,1,4,3,3,4,2,5,5,1,3,1,2.83333333333333
"R_545IPftqM571fTX",1,4,3,1,4,3,1,3,3,3,3,1,1,3,3,5,4,3,4,1,4,3,3,4,2,5,5,1,3,1,2.83333333333333
"R_7qljLVi1JBk3ieX",4,3,4,2,3,2,3,4,3,2,3,2,3,4,3,4,3,2,3,2,3,3,4,4,3,4,2,4,3,4,3.1
"R_1RuoYcrkEweLS5r",3,2,4,3,4,4,3,4,3,4,2,4,2,3,4,2,3,2,3,4,2,3,2,4,3,2,3,4,3,4,3.1
"R_3hLQ7Joirxm7awc",4,3,3,2,4,3,4,4,3,2,3,3,2,3,3,4,3,3,4,3,2,2,4,4,3,4,3,4,3,2,3.13333333333333
"R_5oOUns02tRPImw9",2,4,4,4,2,2,2,3,2,4,3,3,5,3,3,3,3,3,2,3,1,4,1,3,2,4,2,1,3,4,2.83333333333333
"R_7j3agWxGKcTpHiZ",4,1,3,3,4,3,4,4,2,3,3,1,1,4,4,3,4,2,4,3,1,3,4,5,2,3,4,5,3,1,3.03333333333333
"R_30nHKFyrJsS0nCN",2,3,3,2,4,3,3,3,3,1,2,4,4,2,4,2,3,4,3,3,3,4,2,3,2,4,4,3,2,2,2.9
"R_3QyBUl5z6ucksbV",2,4,4,3,3,4,2,2,4,3,4,3,3,2,3,3,1,3,5,2,4,4,4,2,4,1,4,3,3,4,3.1
"R_7KQ2FYz3n58GzNe",4,2,1,1,4,1,5,5,5,2,2,1,4,4,5,3,4,2,4,4,2,3,2,4,2,4,3,4,3,2,3.06666666666667
"R_6iAa5nVnm6BWaI1",5,4,1,1,5,1,5,5,5,2,4,2,1,4,4,4,5,2,4,4,4,4,3,4,2,3,3,4,3,2,3.33333333333333
"R_5kRN7UyzQmL5c3o",5,5,1,1,5,1,4,4,3,1,1,2,4,4,4,3,4,2,4,3,3,2,3,4,2,4,4,4,3,2,3.06666666666667
"R_1Ea6I3fCrmPGeYj",5,2,2,1,4,1,5,4,4,2,3,2,2,5,5,4,5,2,5,1,2,2,4,4,2,4,5,4,2,2,3.16666666666667
"R_7imUoqivVEbziVk",5,2,1,1,5,1,5,4,5,2,5,4,4,4,4,3,4,2,4,2,3,2,4,4,2,5,4,4,2,1,3.26666666666667
"R_7pRKZd8tmoUNQOq",4,3,2,4,4,4,3,3,2,2,2,2,3,2,3,4,4,4,4,2,4,1,4,2,2,3,2,4,2,2,2.9
"R_6mlESN4QArS34U9",3,1,5,1,1,3,5,2,4,1,1,1,5,5,1,3,1,1,2,2,2,5,3,5,1,2,5,3,5,1,2.66666666666667
"R_6cbWWX0zPCvbauv",4,2,1,2,3,1,4,5,4,1,2,2,1,4,5,4,4,1,4,1,2,2,5,5,2,4,5,4,2,1,2.9
"R_5YxEPX40wPYohnr",4,1,2,1,4,2,5,4,5,1,2,1,2,5,4,5,5,2,5,2,1,1,4,5,2,5,4,4,1,2,3.03333333333333
"R_1kBtfHS3SD3r3JD",4,1,3,2,5,2,5,3,4,1,2,1,2,4,4,3,5,2,4,3,1,2,5,4,1,4,4,5,1,2,2.96666666666667
"R_77QkQMmGppCtLY9",5,1,1,1,5,1,5,5,5,1,1,1,1,5,5,5,5,1,5,1,1,1,3,5,1,3,5,5,1,1,2.86666666666667
"R_5IfUVw0ksInfSm7",4,3,2,2,2,1,4,4,2,4,3,3,2,5,2,3,3,4,1,1,2,4,3,5,3,1,3,5,3,5,2.96666666666667
"R_7jZK2iZDIUmc9gD",5,1,1,1,5,1,5,5,5,1,1,3,2,5,5,5,5,1,5,2,1,1,2,5,1,5,5,5,1,1,3.03333333333333
"R_5vldEJKdaodzFFf",2,5,3,4,5,4,2,4,2,5,1,3,3,2,5,2,3,2,4,4,1,4,5,3,2,5,4,5,2,1,3.23333333333333
"R_3QEX6liTEgJ8HIJ",5,1,2,1,5,1,5,5,5,1,1,1,1,4,5,5,5,2,5,1,1,2,4,5,1,5,5,5,1,1,3.03333333333333
"R_3Ck0FJR6RtQCHkJ",4,4,1,1,4,2,5,5,5,2,3,2,1,5,2,4,4,1,4,2,3,2,1,5,2,5,4,2,2,2,2.96666666666667
"R_5IYabWsm6nMfFRX",4,2,1,3,4,2,2,3,5,5,1,1,2,5,4,3,5,2,3,1,2,4,4,2,1,2,3,5,4,5,3
"R_60BL20lGV4eQGiY",2,3,4,4,3,4,3,3,4,3,4,5,4,2,3,3,3,3,4,4,2,3,4,2,5,1,2,3,3,2,3.16666666666667
"R_5qwdKXOa7Hw57b0",4,4,2,2,4,2,4,4,4,2,4,4,2,2,4,2,2,4,4,4,4,4,4,4,2,4,4,2,2,4,3.26666666666667
"R_7Lb8Fic06UfMAVj",5,5,1,1,5,1,5,5,5,5,5,5,5,5,5,5,5,1,5,5,5,5,1,5,5,5,5,5,1,5,4.2
"R_5oAztSzty8uQOMb",3,5,4,2,4,1,3,4,4,2,4,1,2,3,1,4,3,3,2,1,1,4,3,5,2,3,2,1,3,2,2.73333333333333
"R_50bNphWOSre1AYf",4,2,2,2,4,2,4,4,4,2,2,3,4,4,4,4,4,3,4,3,2,4,4,4,2,5,4,4,3,3,3.33333333333333
"R_1Dr6VHcsjgsvXJM",3,3,3,3,3,3,2,1,4,4,4,3,3,2,2,5,5,2,3,5,5,4,2,3,3,3,2,4,2,5,3.2
"R_6lESC8T1hnSFjnE",5,3,3,3,3,1,1,4,3,1,5,1,1,1,1,3,3,1,3,1,1,1,3,3,3,3,3,3,1,3,2.36666666666667
"R_1nTKiKrWZdmlJw8",3,1,3,4,2,5,2,3,1,2,3,3,1,4,1,3,3,2,2,4,4,3,2,3,1,4,2,3,2,2,2.6
"R_3tJBSOV0wYaJFhn",4,1,3,3,3,2,4,5,4,2,2,2,1,5,5,4,4,1,4,2,2,1,5,4,2,5,4,4,2,1,3.03333333333333
"R_6nwUopW6cDtgShH",4,4,4,4,4,2,4,3,5,4,2,1,5,3,4,4,5,3,2,3,5,3,3,3,1,5,3,4,2,4,3.43333333333333
"R_3P6ngmKtTH9RU1M",3,3,2,2,4,2,3,4,4,2,3,2,3,3,3,3,3,4,3,3,2,3,4,4,2,3,3,3,3,3,2.96666666666667
"R_1D5rN1W6yXzVDea",3,3,3,2,3,4,3,4,3,4,2,3,4,3,4,3,3,4,3,2,3,4,4,4,4,4,3,3,3,3,3.26666666666667
"R_3XrBxzVCVDiZfUJ",4,4,2,2,4,2,4,4,4,2,2,2,3,4,4,3,3,2,4,2,2,4,3,4,2,3,4,4,2,2,3.03333333333333
"R_7gQ1PzcsaV46W9b",4,1,1,3,3,4,4,3,3,2,1,3,3,2,5,3,3,2,4,4,1,3,3,5,3,3,3,5,3,2,2.96666666666667
"R_7oehtxp4XxtLsLU",4,2,3,2,4,3,5,4,4,1,1,2,2,4,3,3,4,2,3,3,3,2,4,5,1,4,4,4,3,2,3.03333333333333
"R_7EbRGRmuQuiEu9L",3,1,2,3,4,1,3,3,4,2,3,4,5,2,3,2,3,3,4,1,3,4,3,2,5,2,2,3,3,3,2.86666666666667
"R_6RXjdQP47ZnOxc9",4,1,2,1,5,2,5,5,4,1,2,2,1,4,4,4,4,2,5,2,3,2,4,5,2,5,4,4,2,1,3.06666666666667
"R_10DGYtZd6xgQ59c",5,2,2,3,2,3,3,5,3,3,2,3,2,5,4,4,4,3,4,2,2,2,4,4,1,5,4,4,2,2,3.13333333333333
"R_1B5NM2vXggPA4bU",4,2,2,4,3,3,5,3,3,2,2,2,2,4,3,5,4,2,3,4,5,2,4,4,1,4,3,4,2,2,3.1
"R_6d2ognAHiZS1lex",4,1,1,2,3,2,5,5,4,3,2,1,1,4,3,4,5,1,4,3,2,1,4,5,2,4,3,4,1,3,2.9
"R_3DwDXACHoQkGkFL",3,3,3,3,3,3,2,2,2,4,4,5,5,1,3,2,3,4,1,4,3,3,3,1,5,3,3,3,3,3,3
"R_1Kv7xLwGgK9y1MJ",5,5,2,1,4,4,5,4,4,4,2,3,1,5,5,5,5,4,5,1,4,4,5,5,1,5,5,5,4,3,3.83333333333333
"R_6a8OTYFpUUCBv9j",4,3,2,2,4,4,4,4,4,3,2,4,4,4,4,4,4,1,3,5,2,5,2,3,2,4,3,4,4,3,3.36666666666667
"R_3zAATMQJDMn0z9D",4,3,4,5,3,2,5,5,5,2,3,4,4,2,3,4,5,2,3,4,3,2,5,3,4,1,2,3,2,2,3.3
"R_1wp1nCfIdq7Ghvw",5,2,1,1,3,4,5,4,1,3,4,2,4,5,2,4,2,3,5,5,4,1,5,1,2,5,1,4,3,1,3.06666666666667
"R_7Se3TeKN3kl6KmC",5,5,1,4,5,4,5,5,5,5,3,5,5,5,5,4,5,3,4,4,4,4,4,4,4,5,4,4,4,4,4.26666666666667
"R_1MPDcfqHGRJsASq",3,3,3,3,3,4,3,2,3,3,3,5,5,1,1,1,1,5,1,5,5,5,2,3,3,2,2,2,4,4,3
"R_7CBLtnQPWp7sTQ9",4,3,2,1,3,4,3,3,3,3,2,5,4,3,4,3,3,2,3,4,3,3,3,3,2,4,4,3,3,2,3.06666666666667
"R_7f7Os0VfsV1bBqD",3,3,3,2,4,2,2,2,2,3,3,3,3,4,4,3,2,2,4,3,4,3,3,3,3,2,3,3,3,4,2.93333333333333
"R_1J1X6LY6xViqBQU",4,5,2,3,5,4,4,5,4,4,4,4,4,3,4,4,4,4,4,4,4,4,4,4,4,4,4,4,4,4,3.96666666666667
"R_71Rycl1SRLOXjdl",4,4,4,4,4,4,4,4,4,4,4,4,5,4,4,4,4,4,4,4,4,4,4,4,4,4,4,4,4,4,4.03333333333333
"R_3MSqMUSmHrf877f",4,2,2,1,4,2,5,5,4,4,3,2,4,3,4,4,4,3,4,4,4,4,2,4,2,2,4,3,4,3,3.33333333333333
"R_3uQ905LnwDukwBX",4,2,3,4,3,2,4,4,3,2,4,4,2,3,3,2,3,2,4,3,3,2,4,3,2,4,3,2,4,4,3.06666666666667
"R_16CQFut0Un0sG6R",4,4,3,3,4,4,4,3,3,4,3,3,4,3,3,3,3,3,3,3,4,4,4,3,3,2,3,3,4,3,3.33333333333333
"R_50O3NasU6D2NPwp",4,4,3,4,4,4,4,4,4,4,3,2,4,4,4,4,4,2,4,4,4,3,4,3,4,4,4,5,3,3,3.7
"R_3Y7iapK9nv5QW2t",4,4,3,4,4,3,4,4,4,4,4,4,4,4,4,4,4,4,4,4,3,3,4,3,4,4,4,4,4,3,3.8
"R_6f1zGTkG242oTpn",4,4,1,2,4,3,4,3,3,3,2,3,3,4,3,4,3,2,5,3,3,2,4,3,2,4,3,4,2,3,3.1
"R_7Hpp5Gdhdrii3ZP",5,3,2,2,4,2,3,4,4,2,4,4,4,4,4,3,4,4,4,4,1,2,4,4,2,4,4,3,2,4,3.33333333333333
"R_6aFWNDb1QCg7xqG",4,3,2,2,4,4,4,4,4,4,3,3,4,4,4,4,4,3,4,4,4,4,4,4,2,4,4,4,3,4,3.63333333333333
"R_7azQR2LfXuwQ045",4,2,2,3,3,4,3,3,3,3,1,1,2,4,3,5,4,1,4,3,2,3,4,3,2,5,3,5,2,2,2.96666666666667
"R_32mL6251A4OMWo1",4,4,4,2,4,4,4,4,4,4,3,4,4,2,4,4,4,4,4,4,4,4,4,4,3,2,4,4,3,2,3.63333333333333
"R_6zqCjHrr5VS8dhK",4,4,3,2,4,4,4,4,4,4,4,4,4,3,4,4,4,4,4,4,4,3,4,4,2,4,4,4,3,3,3.7
"R_58B834vt2VIsTjq",4,4,2,2,3,2,3,3,3,2,2,4,4,2,3,3,4,4,4,3,3,3,2,4,4,4,3,4,4,2,3.13333333333333
"R_3styNTEwLflkXBv",3,4,3,4,3,4,3,3,4,3,4,3,3,3,3,3,4,3,3,3,2,4,2,2,3,3,3,4,4,3,3.2
"R_750QuXDiM5BvVF7",4,4,3,4,4,4,4,4,4,4,3,4,4,4,4,4,4,4,4,4,4,4,3,3,4,4,4,4,3,4,3.83333333333333
"R_7z6F6a8qSEtkUpu",4,4,3,4,4,5,4,4,4,4,4,3,2,3,4,4,4,2,4,3,4,4,2,3,2,3,2,4,3,2,3.4
"R_3BrmmIqLHGzgOtt",4,3,2,3,4,4,4,4,4,3,3,4,3,4,4,2,4,3,3,4,3,4,4,4,3,4,4,4,3,4,3.53333333333333
"R_3jqRXuYDV7vJHz3",4,4,4,4,4,4,4,3,4,4,2,4,4,2,4,4,4,2,4,4,2,3,2,4,2,4,2,3,4,2,3.36666666666667
"R_30KYXrzXgk1sCjL",3,3,2,4,4,3,4,5,4,3,4,4,3,3,4,4,4,2,4,3,3,4,3,4,2,4,5,3,3,4,3.5
"R_7KSY5VLSLrgI3vB",5,3,3,3,2,1,2,4,2,2,3,1,3,1,2,4,3,4,4,2,2,2,3,1,2,4,1,5,1,3,2.6
"R_19tzlf6Bzch4aMz",4,2,3,2,4,2,4,4,5,2,4,2,2,4,4,4,4,1,2,4,2,2,5,4,2,2,4,4,1,4,3.1
"R_5oKCW2GyDKaeDBa",4,4,4,2,3,3,4,3,4,4,3,1,4,4,4,3,2,2,4,3,2,2,4,4,2,3,4,1,3,3,3.1
"R_7HZDtfpr1lylGB2",3,3,5,2,5,2,4,4,3,1,3,1,3,4,5,5,5,2,5,3,3,2,3,3,2,3,5,3,4,3,3.3
"R_7dFH73kadpEEdMR",3,3,2,3,3,3,3,3,3,3,3,3,3,3,3,3,2,3,3,2,3,3,4,2,3,4,3,3,3,4,2.96666666666667
"R_6YFZRSWIBPkoztJ",4,2,4,2,4,4,2,2,4,2,4,2,2,2,2,3,3,3,3,3,3,3,3,3,5,3,3,3,3,4,3
"R_5HG3PRhRHgl6QGu",2,4,4,4,3,3,3,4,4,3,2,1,3,3,2,2,3,4,3,3,3,3,3,2,4,2,3,2,4,3,2.96666666666667
"R_3uUqhElAGbUAu8K",4,3,3,4,4,2,3,3,2,2,1,3,4,4,5,3,3,5,4,3,2,5,4,2,2,3,3,4,4,3,3.23333333333333
"R_5PzexzzrreikY11",4,2,3,3,3,3,3,3,3,3,4,4,4,4,4,4,4,2,4,3,3,3,2,3,3,3,3,3,3,3,3.2
"R_3lGhil9rbRSapBK",4,4,2,2,2,2,2,2,2,2,2,2,2,2,2,2,2,4,2,2,2,3,2,2,3,2,2,4,4,2,2.4
"R_6foLbP1LihRzBBG",3,3,3,4,3,2,3,2,3,2,3,3,4,3,3,4,2,3,3,3,3,5,3,3,3,2,3,3,4,3,3.03333333333333
"R_3j7xWUAFf8oQy3E",4,5,3,3,4,3,3,3,4,2,2,3,4,3,3,4,3,5,3,5,4,3,3,3,4,4,3,4,3,3,3.43333333333333
"R_3QloNqa4C8JA14A",5,1,2,2,4,2,5,5,5,1,1,2,1,5,5,5,4,1,5,3,2,2,5,5,1,4,5,5,1,1,3.16666666666667
"R_3F391TZADduEmBp",4,3,2,2,2,4,4,2,2,2,3,4,2,3,3,2,4,2,2,2,2,2,2,2,2,2,3,4,4,2,2.63333333333333
"R_65MFKWx6DsVNFgp",5,1,1,1,5,1,5,5,5,1,1,5,5,1,5,5,5,1,1,3,5,1,5,5,5,1,1,1,1,1,2.93333333333333
"R_6BQ4PdSlgJMjsSW",5,1,1,1,5,1,5,5,5,1,1,1,1,5,5,5,5,1,4,1,1,2,4,5,1,5,5,4,2,2,3
"R_6PiEEuV6F7GeCfz",5,2,1,2,4,3,4,4,4,3,3,4,4,3,4,4,4,3,3,4,4,4,4,4,2,3,3,3,5,4,3.46666666666667
"R_13LGZpxIVvIjkQx",3,3,3,4,3,3,3,3,4,3,3,3,3,3,3,3,3,3,2,3,3,3,4,3,3,3,3,4,2,3,3.06666666666667
"R_5C8iryvOPDgr5D3",4,2,4,4,2,2,2,4,4,4,4,4,2,4,2,2,2,4,4,4,1,2,3,3,3,3,3,3,3,3,3.03333333333333
"R_6mE0qBbkmjq2U6r",4,2,3,2,5,1,4,3,4,1,5,3,2,5,4,4,4,1,4,3,1,2,5,4,3,3,4,4,1,1,3.06666666666667
"R_76JAAI979BSbyoh",4,2,2,2,4,2,4,4,4,2,2,3,2,4,4,3,4,3,3,2,3,3,4,4,3,3,4,3,3,2,3.06666666666667
"R_3y1qpf9dR062ozs",4,5,3,5,3,4,5,5,3,5,5,5,5,5,5,3,5,4,4,4,5,4,3,4,4,4,4,4,4,5,4.26666666666667
"R_3EnH2xACQU3m6UE",3,2,3,4,1,4,5,3,3,5,3,3,2,3,2,4,2,2,2,4,3,5,3,4,1,3,4,3,3,2,3.03333333333333
"R_6hSD7bHfgdexwkf",4,3,2,1,3,4,3,2,4,2,1,3,3,2,4,3,4,2,3,2,3,4,2,4,1,4,1,3,4,2,2.76666666666667
"R_3X6EKk3bXm6u6ot",2,3,2,2,2,3,2,4,4,1,4,2,3,3,3,5,4,3,3,2,1,1,4,4,1,2,3,4,2,2,2.7
"R_6Njh9cKHMn1J6WB",3,3,4,2,4,4,1,3,4,3,3,4,3,4,4,3,3,1,3,4,3,2,3,5,1,3,2,1,3,2,2.93333333333333
"R_7EfT5WE5EAq3Hze",2,4,2,3,1,2,3,2,2,3,1,1,3,3,3,4,3,4,4,4,4,3,2,4,3,3,4,2,4,2,2.83333333333333
"R_3cV1qFHRhSA9GIF",3,2,3,4,4,1,1,4,4,2,3,3,1,2,5,3,3,2,4,2,2,3,3,3,2,3,5,3,1,2,2.76666666666667
"R_1fjj7mClDzakg5r",5,4,1,4,5,1,5,5,5,1,5,4,2,5,5,5,5,4,5,4,1,2,5,5,1,5,3,3,2,3,3.66666666666667
"R_7gSXadCWe1EZaMt",4,3,3,3,3,3,3,3,3,3,3,3,3,4,4,4,3,3,3,3,3,3,3,4,2,4,2,4,3,3,3.16666666666667
"R_7IyNizJs88szDN5",4,2,4,2,3,2,4,3,4,2,4,3,2,2,3,3,4,3,3,3,3,2,3,4,3,3,4,3,2,4,3.03333333333333
"R_3WAn43z1xujRIKR",3,2,1,4,4,3,5,3,3,1,2,4,1,3,4,5,3,4,5,3,4,1,3,5,3,2,5,4,4,2,3.2
"R_1ZQVzSjNzuSBY7T",4,4,3,2,4,4,4,5,2,4,2,3,2,4,2,4,4,3,4,4,4,3,4,4,2,3,2,3,2,3,3.26666666666667
"R_7my0lOdaHONUtac",4,2,2,2,4,4,4,4,4,2,4,4,4,4,4,2,4,2,2,4,2,1,3,4,2,4,5,5,2,2,3.2
"R_1qsKHuRkuZ5AqjS",5,2,1,1,5,2,3,4,4,3,4,2,4,5,5,5,5,1,4,1,2,2,4,5,2,2,4,4,3,2,3.2
"R_3QM3ZCFHWHHIqvA",4,3,3,2,5,2,2,4,3,1,5,2,2,3,3,1,4,1,2,3,3,1,4,4,1,4,3,4,1,4,2.8
"R_3HAuZPtNk9IdXVv",5,5,1,1,5,5,5,5,5,5,5,5,5,5,5,5,5,1,5,5,5,5,5,5,1,5,5,5,5,5,4.46666666666667
"R_137EjjJuUw85SKC",4,2,2,3,4,3,4,4,5,3,3,3,3,2,3,4,2,3,4,3,3,3,4,4,3,3,3,3,3,3,3.2
"R_1rqNVK3iy7pW3l8",3,1,2,2,5,1,3,3,3,2,1,1,1,3,3,2,2,1,3,3,2,2,4,3,2,2,3,3,3,1,2.33333333333333
"R_5KgVOPvf1NtFFQJ",3,2,2,2,2,2,2,3,2,2,2,4,2,2,2,2,3,3,2,2,2,2,3,2,2,3,2,4,2,2,2.33333333333333
"R_129TVln3oHIxpq9",4,2,2,2,4,2,4,4,4,2,3,3,2,3,4,3,3,3,3,3,3,2,3,3,2,3,4,4,2,2,2.93333333333333
"R_6FPQNWQNDaVd1hv",3,3,3,3,3,3,3,3,3,3,3,3,3,3,3,3,3,3,3,3,3,3,3,3,3,3,3,3,3,3,3
"R_6vqp4tfT9cxNOFj",4,4,4,4,4,3,4,4,4,4,3,2,3,4,4,4,4,3,4,4,4,2,3,4,2,3,4,3,1,4,3.46666666666667
"R_7MR0gsdFYIqP6cn",5,5,1,5,5,1,5,5,5,5,5,5,1,5,5,1,5,5,5,5,5,5,5,5,3,5,5,4,1,5,4.23333333333333
"R_7qrm8XbUnmqGIky",2,4,4,4,2,4,1,2,2,4,3,3,3,2,2,3,3,2,4,3,3,3,3,3,3,3,3,3,3,3,2.9
"R_1Q47VVl4Mr2nAkx",3,3,3,3,3,3,3,3,3,3,3,3,3,3,3,3,3,3,3,3,3,3,3,3,3,3,3,3,3,3,3
"R_1REINJlS7l3Z1cZ",4,1,2,2,5,2,4,3,3,3,2,3,1,4,5,4,3,2,3,2,3,2,3,2,5,3,3,3,3,2,2.9
"R_3MwB3qunp2M6XKN",4,2,2,1,5,2,4,4,5,2,2,2,1,4,3,5,3,3,4,2,3,4,4,4,2,5,5,4,1,1,3.1
"R_6oOf1vP7fGaBFmH",5,5,1,5,5,1,5,5,5,5,1,1,5,5,5,5,5,5,5,5,5,5,5,5,5,5,5,4,2,5,4.33333333333333
"R_7JF4SW40mOY1jhL",5,4,2,2,5,4,4,5,2,4,4,4,4,4,4,4,4,4,2,5,5,5,1,4,4,2,4,4,4,4,3.76666666666667
"R_3z7BUOjeTOxIvAJ",3,3,3,3,3,3,3,3,3,3,3,3,3,3,3,3,3,3,3,3,3,3,3,3,3,3,3,3,3,3,3
"R_5gOfedapFM3Ojol",4,4,3,4,4,4,4,4,4,4,4,5,5,5,5,4,4,3,4,4,5,3,2,4,3,5,4,4,4,5,4.03333333333333
"R_70cPbehz8YgjlAD",4,3,2,2,2,4,3,2,2,2,1,2,2,2,3,2,2,2,4,2,2,2,2,2,2,4,2,2,4,2,2.4
"R_75MCXE9iAmtsevV",4,4,2,2,4,4,4,4,4,2,4,4,4,2,4,4,4,2,4,4,4,4,4,4,4,4,4,2,4,4,3.6
"R_7Y0vv25OtJe68FP",2,2,2,3,4,4,2,3,3,3,3,3,3,4,1,4,3,3,2,5,3,4,4,3,3,4,3,2,4,3,3.06666666666667
"R_1tr712tjfR73hFG",5,3,2,3,3,3,3,3,3,3,3,3,3,3,3,3,3,3,3,3,3,3,3,3,3,3,3,3,3,3,3.03333333333333
"R_3E0gaNpg8ixuFG8",3,3,3,2,2,4,2,3,3,3,3,5,3,3,3,3,3,3,1,2,3,3,3,3,2,3,2,3,2,3,2.8
"R_5ITriEqOqWDcNCc",5,3,4,5,5,1,5,5,5,1,1,1,1,5,5,5,5,1,5,1,1,1,5,5,1,5,5,5,1,1,3.3
"R_5g5GmSpifeWgMhc",5,2,3,4,1,2,5,4,5,2,3,1,1,5,4,4,3,1,4,1,2,1,3,2,3,4,3,4,2,1,2.83333333333333
"R_5sZvJQyM6qKw9kf",4,4,3,2,4,4,3,4,4,2,4,4,3,3,3,4,4,4,2,3,4,2,3,3,2,4,4,4,3,3,3.33333333333333
"R_3mggRTNicb8mEMV",5,2,1,1,4,2,5,5,4,2,2,1,4,3,3,4,5,2,1,2,1,1,5,4,1,5,4,4,2,1,2.86666666666667
"R_3mr5qyBCh8nDuok",4,3,3,3,4,4,4,4,4,4,2,3,4,3,4,4,4,3,4,3,4,4,4,3,2,4,3,4,4,2,3.5
"R_3ojXijZq4z3B08n",5,2,2,1,5,2,5,5,5,2,2,1,2,5,5,4,4,2,4,1,1,2,4,4,2,5,5,5,2,3,3.23333333333333
"R_6BNWPRT7rx1lpQd",3,2,4,3,4,3,2,3,3,2,4,3,3,4,3,2,3,2,3,3,2,3,4,4,3,4,3,2,3,3,3
"R_7QoXGIhQ6ltnz9D",5,1,1,1,5,1,5,5,5,1,1,4,5,4,5,5,5,1,5,5,5,1,5,5,1,5,5,5,5,5,3.73333333333333
"R_1PWpThWl7C85g65",4,2,2,2,4,2,5,5,5,1,1,1,2,4,4,4,5,1,5,1,2,2,4,5,1,5,5,5,1,2,3.06666666666667
"R_1fkszSr7PdTiFar",5,1,1,1,5,1,5,5,5,1,1,5,5,5,5,1,5,5,5,5,5,5,3,5,1,5,5,5,1,5,3.73333333333333
"R_1kGIRsNE7LNC5GH",4,4,2,2,4,2,4,4,4,2,3,3,3,3,4,4,4,2,4,3,2,4,4,4,3,4,4,4,2,3,3.3
"R_3FGMDx5zBHb5qKt",5,2,1,2,5,1,5,4,5,2,1,1,1,4,5,4,5,2,5,1,1,2,5,5,2,5,5,5,2,2,3.16666666666667
"R_7j3abBq8VjyMdaI",3,3,3,2,3,3,3,3,3,3,3,4,4,3,4,4,4,3,4,4,4,4,3,3,3,3,3,3,3,3,3.26666666666667
"R_32216RK2i1jzsnn",5,5,3,3,3,3,3,3,3,3,5,5,3,3,3,3,3,5,5,3,3,3,4,3,3,3,4,3,2,5,3.5
"R_3I3DzLnCrGOhKMx",5,3,2,1,4,1,4,3,4,1,3,1,2,2,4,4,5,1,4,3,2,2,5,5,3,4,4,4,1,1,2.93333333333333
"R_3L6EvIfUoI2uKyo",4,2,2,2,4,2,4,4,4,2,1,1,1,5,5,5,5,1,4,2,2,2,4,4,2,4,5,5,1,1,3
"R_73awMk9MUM9Wt7b",3,3,3,3,3,3,3,3,3,3,3,3,3,3,3,3,3,3,3,3,3,3,3,3,3,3,3,3,3,3,3
"R_74CrzwchZluPqTC",5,5,1,5,5,1,3,3,3,3,3,3,3,3,3,3,3,3,3,2,2,1,5,3,3,3,3,3,3,3,3.06666666666667
"R_394aC6s9PhFGFCR",4,4,2,4,2,3,4,4,4,4,2,3,4,2,3,4,4,3,4,3,2,3,2,4,3,4,4,4,3,4,3.33333333333333
"R_3KV1xuzqAuxbJAd",1,3,5,3,2,2,4,5,4,2,5,2,2,4,1,4,4,4,5,4,4,3,4,4,4,3,4,4,3,3,3.4
"R_3n6HZ84xXzVZYWD",3,2,1,1,4,3,4,5,5,3,2,2,1,4,3,4,5,1,4,3,2,1,4,4,1,4,4,3,1,1,2.83333333333333
"R_5fltE28G8y5O2Nf",2,2,4,3,2,5,2,3,3,2,3,3,1,5,1,3,4,4,3,3,3,3,3,3,3,3,3,4,3,4,3
"R_6Gpt1E8cQns9Kuv",5,2,1,3,4,1,5,4,5,2,1,2,1,5,5,5,4,3,4,1,2,3,5,4,1,4,3,4,1,1,3.03333333333333
"R_137uU0cle84C0Eg",3,2,4,2,4,1,2,3,3,1,3,1,2,5,5,3,4,4,4,4,1,1,3,5,1,2,4,5,3,2,2.9
"R_13loJdlauVfZGet",4,2,3,3,4,2,4,3,4,2,2,2,2,4,3,4,4,2,4,2,2,2,3,3,3,3,3,3,3,3,2.93333333333333
"R_15nxmT8ch9VTtBL",4,3,2,5,5,4,4,4,4,3,2,2,2,3,4,3,4,3,3,2,4,2,4,4,4,4,4,5,2,5,3.46666666666667
"R_1eRxCw3CkWpKbuO",5,4,2,4,4,4,4,4,4,2,4,4,3,3,4,2,2,3,4,3,3,3,3,4,4,4,4,4,3,3,3.46666666666667
"R_6aEvyCjuGkZVczT",4,3,2,5,4,2,2,2,2,1,4,2,2,2,2,2,4,3,2,1,2,1,3,2,2,3,2,2,1,3,2.4
"R_1z3tvcxEft0V8Bz",5,5,1,1,5,5,5,5,5,1,1,1,2,5,5,5,4,3,4,2,1,1,3,5,1,5,5,4,2,3,3.33333333333333
"R_70BEUnP9rajbD9q",5,5,1,1,5,5,5,5,5,5,1,5,5,5,5,5,5,1,5,5,5,5,5,5,1,5,5,5,5,1,4.2
"R_7Kr2dRserR88akN",5,5,1,1,1,5,3,3,1,2,1,5,5,1,3,3,2,1,4,5,5,5,1,4,5,1,2,5,5,1,3.03333333333333
"R_7wyiiJkx986HOud",5,4,1,5,5,5,5,5,5,5,1,5,5,5,5,5,5,5,5,5,5,5,5,5,1,5,5,5,5,5,4.56666666666667
"R_1NE7SPaqhcRo38F",3,3,2,2,4,3,4,4,4,5,3,5,5,3,4,4,4,3,4,4,5,5,3,3,3,4,3,3,3,3,3.6
"R_3Kd0ScxBeORmEup",5,2,2,1,4,1,5,5,4,2,2,1,2,4,4,4,5,1,5,1,1,1,4,5,2,5,5,5,1,1,3
"R_5EnwJbGyeuF3HLL",4,3,2,2,4,2,4,4,4,4,2,2,4,4,4,4,4,2,4,4,4,4,4,4,2,4,4,4,2,4,3.43333333333333
"R_5X5DNuT88jLJ6X7",4,4,2,3,4,2,4,4,3,2,4,2,2,4,4,3,4,2,3,4,4,3,4,4,2,3,4,4,4,4,3.33333333333333
"R_7dzmyOOs2upBV8i",2,5,5,3,3,4,5,3,4,3,4,2,1,3,2,2,5,2,2,5,1,3,3,2,5,5,4,3,4,4,3.3
"R_5GezpMhG5goUznd",3,3,4,3,3,3,3,3,3,3,3,4,4,2,3,3,3,2,4,3,3,3,3,3,3,3,3,3,3,3,3.06666666666667
"R_5kSf2VgpuYiOlhf",2,4,4,4,3,3,3,3,3,3,3,3,3,3,3,3,3,3,3,3,3,3,3,3,3,3,3,3,3,3,3.06666666666667
"R_74k5t3sSdvVwRCT",3,2,2,3,4,3,4,3,4,3,2,2,2,4,4,3,3,4,5,3,4,3,4,3,3,4,4,4,2,2,3.2
"R_7LjwvV2QS6F6IcV",4,2,1,3,4,1,4,3,5,2,1,1,2,3,4,5,4,1,4,3,2,1,3,5,2,5,4,5,2,1,2.9
"R_9O98LYBMxw4crx7",4,3,3,3,4,3,4,4,4,3,4,2,3,4,3,4,3,2,3,2,2,2,4,4,1,5,5,4,1,2,3.16666666666667
"R_1NFgwnM2q8M7Tk6",4,4,2,1,4,2,4,5,4,2,1,2,2,5,4,4,4,1,4,2,1,2,4,4,1,4,5,4,1,4,3.03333333333333
"R_3MA4k0zsZQcdJDP",5,2,2,2,3,1,2,2,3,1,1,1,1,3,4,4,4,1,4,1,5,1,5,5,1,5,4,4,1,1,2.63333333333333
"R_3wNf7MTZWA4OtYs",5,5,1,2,5,5,4,5,5,1,1,3,1,5,4,5,5,1,4,5,4,5,1,1,3,1,2,4,5,3,3.36666666666667
"R_51QnjxvkvMEaIdv",4,2,2,2,4,2,5,5,5,1,1,1,1,4,4,4,4,1,4,2,2,2,4,5,1,5,5,4,1,1,2.93333333333333
"R_7UfpkuOufMXw6oV",3,3,2,5,3,4,3,2,3,3,3,3,3,3,3,3,3,3,3,3,3,3,3,3,3,3,3,3,3,3,3.03333333333333
"R_1gXE5Tu9JMZtKoF",4,2,2,2,4,2,5,5,5,1,1,1,2,4,4,4,4,2,4,2,2,2,4,4,2,4,4,5,1,1,2.96666666666667
"R_1jXlpw7NlbcsXe1",4,3,3,2,4,3,4,4,5,2,2,2,5,4,5,5,4,2,3,3,3,2,4,5,2,5,4,5,2,4,3.5
"R_60YXKHoxZ9pM88c",4,4,2,2,3,4,3,4,3,3,3,4,4,2,3,3,3,3,4,4,4,4,3,3,2,4,3,3,4,2,3.23333333333333
"R_7nuOAZwSYjKYOtA",5,1,2,2,5,1,5,5,4,1,3,2,1,5,5,5,4,1,5,1,1,1,4,4,2,4,3,5,1,1,2.96666666666667
"R_9Doqi4l8ZeXexJC",1,2,1,2,5,2,4,5,4,1,1,2,1,5,4,5,4,1,3,2,1,1,5,5,1,4,4,4,2,1,2.76666666666667
"R_1nOvcmcwAZmasnv",5,5,2,4,4,4,4,4,4,4,4,4,4,4,4,4,4,2,4,4,4,2,2,4,2,4,4,4,4,4,3.73333333333333
"R_3Rn9S8JLpumEayd",4,4,3,2,4,3,4,4,4,3,3,3,3,3,4,4,4,3,4,3,3,4,4,4,3,4,4,3,4,3,3.5
"R_3gwIkd6W01wNgxW",5,2,3,3,3,2,5,4,3,2,3,3,2,5,5,4,3,3,4,2,1,1,4,4,2,3,4,5,2,1,3.1
"R_5bnYPjPBLRih4u5",5,5,1,4,5,5,5,5,5,5,4,5,5,5,5,5,5,4,5,5,5,5,5,5,2,5,4,5,1,5,4.5
"R_6twYKcfHQWhkkY9",5,2,3,2,4,3,4,5,4,2,3,2,1,4,4,3,4,2,5,2,3,3,4,4,1,3,3,4,1,2,3.06666666666667
"R_1CHjIG3AYAcL3jo",4,3,2,4,2,4,2,3,3,2,4,2,2,4,3,2,3,4,4,4,2,2,4,2,4,3,4,4,2,4,3.06666666666667
"R_1KqyRvahNgmkBQE",3,3,4,3,5,3,3,4,3,4,4,4,4,4,4,3,3,4,3,3,4,4,2,5,2,3,4,3,3,3,3.46666666666667
"R_5N4vuCrAZwl7GGE",2,4,3,4,4,2,4,3,3,2,1,3,3,4,4,3,3,3,4,2,2,2,4,4,2,4,4,4,2,4,3.1
"R_5P05fOIY0EaSYPX",4,2,1,4,4,4,4,4,4,4,4,4,4,4,4,4,4,3,4,4,4,4,4,4,2,4,4,4,2,4,3.66666666666667
"R_5TAzlO7d4sUCnbX",3,3,3,3,3,3,3,3,3,3,3,3,3,3,3,3,3,3,3,3,3,3,3,3,3,3,3,3,3,3,3
"R_3Olf80nWFmmOSDu",4,2,3,5,3,3,3,3,3,3,3,3,3,3,3,3,3,3,3,3,3,4,3,3,3,3,3,3,3,3,3.1
"R_3n9j4KBCzsSrNmq",4,5,3,4,4,5,4,4,4,3,2,3,3,4,4,3,2,3,4,2,3,2,4,4,1,4,3,4,3,2,3.33333333333333
"R_6P6bCm0bhGY83GF",3,3,3,3,3,3,3,3,3,3,3,3,3,3,3,3,3,3,3,3,3,3,3,3,3,3,3,3,3,3,3
"R_7PZA0G9I5noAZwT",3,4,4,4,3,3,3,2,4,2,3,3,3,3,4,3,2,2,2,3,3,4,1,3,3,3,3,5,3,3,3.03333333333333
"R_7g9lcoV826k1byN",3,3,3,3,3,3,3,3,3,3,3,3,3,3,3,3,3,3,3,3,3,3,3,3,3,3,3,3,3,3,3
"R_50S6lE38rGSOmGd",5,2,2,3,4,2,4,4,4,4,2,2,3,3,4,4,4,3,4,2,2,2,4,4,2,5,5,4,2,2,3.23333333333333
"R_51E0WEpVsh8wfyV",5,1,1,1,5,1,5,5,5,1,1,1,1,5,5,5,5,1,4,1,5,3,5,2,2,5,5,4,1,5,3.2
"R_5rqpyiS4oQeSuUF",4,2,3,3,4,4,5,3,4,2,3,1,1,3,5,3,2,1,3,3,1,1,4,3,2,5,5,4,2,2,2.93333333333333
"R_67xsmv04l4ab4AB",3,2,3,2,3,2,3,4,3,2,3,3,3,4,3,3,2,3,4,2,3,4,3,3,2,2,4,3,3,2,2.86666666666667
"R_6Esp4DhOHPygHi2",5,4,3,4,5,4,5,5,5,4,3,3,4,4,4,5,5,3,5,4,4,4,5,5,3,4,4,5,5,4,4.23333333333333
"R_14BntYuTlNkORLb",5,3,3,2,3,3,4,5,5,1,2,2,3,4,4,5,5,2,4,1,3,3,5,4,1,5,5,3,3,2,3.33333333333333
"R_1oWY7yvZJq798bv",1,3,4,3,2,3,4,4,5,2,2,1,5,2,4,3,3,1,3,4,3,4,2,3,3,3,3,4,4,2,3
"R_3EsnRLEJX6rMS3z",3,2,2,2,3,2,4,4,4,2,1,2,2,4,4,4,4,2,4,2,2,2,4,4,2,4,4,4,2,2,2.9
"R_3SoBnEqWgFpuucq",4,4,3,2,4,3,4,4,4,4,4,4,4,4,4,4,4,3,4,3,4,4,4,4,2,4,4,4,3,3,3.66666666666667
"R_3pYXkdFXzjwfiyT",4,3,2,5,3,4,3,4,4,4,5,5,4,3,3,4,3,5,3,4,5,3,3,4,3,4,4,3,3,4,3.7
"R_5EGdextoNLmtP3P",5,4,2,1,5,4,4,5,5,4,5,2,4,2,5,5,4,2,4,1,1,2,3,2,2,4,5,3,4,2,3.36666666666667
"R_5dAS058eVSScQOB",2,3,4,3,2,5,2,2,1,4,4,2,3,5,4,3,3,2,4,2,3,3,2,3,1,4,4,5,3,3,3.03333333333333
"R_5lW8nxS3ED8IwtD",5,5,1,1,5,5,5,5,5,5,1,5,5,5,5,5,5,1,1,5,5,1,5,5,1,5,5,5,1,1,3.8
"R_6sTHiqGfAZWdwUk",5,4,2,3,5,3,5,4,5,3,4,4,3,5,5,5,5,1,5,4,3,3,5,5,3,5,5,5,4,4,4.06666666666667
"R_7J559ajJq0WRhKN",5,3,3,3,3,3,3,3,3,3,3,3,3,3,2,2,3,3,3,3,3,3,3,3,1,1,3,3,3,3,2.86666666666667
"R_3wwOAxdJOjOeFzz",4,4,3,4,3,2,3,3,3,2,2,5,5,2,3,4,2,5,3,4,2,2,3,2,4,4,3,2,2,3,3.1
"R_5HnsvN5jscCb3zK",3,4,4,4,3,3,3,2,4,2,3,3,3,3,4,3,2,2,2,3,3,4,1,3,3,3,3,5,3,3,3.03333333333333
"R_5jMU3x404AXXbNL",4,5,3,3,3,3,3,3,3,3,3,3,3,3,3,3,3,3,3,3,3,3,3,3,3,3,3,3,3,3,3.1
"R_6Cy21AzpK7wndhm",4,3,3,2,3,2,3,3,2,4,3,3,2,2,3,2,3,3,3,2,2,2,4,2,3,3,2,4,2,2,2.7
"R_7oaYMZbK41grUUp",3,3,3,3,2,4,3,3,3,3,4,3,3,3,4,1,3,3,3,3,3,3,3,3,2,2,2,3,3,4,2.93333333333333
"R_32RNpNqvxw5NK5s",3,2,2,2,3,2,3,5,4,3,3,2,3,3,4,3,4,3,3,3,3,2,4,4,2,4,3,4,2,2,3
"R_4GnIjgTUMujVj2x",5,1,1,1,5,2,4,5,5,2,1,1,1,5,5,5,5,1,5,1,2,1,4,5,1,5,4,5,1,1,3
"R_52lH4xqVIEKxDzN",5,2,1,2,4,1,4,4,4,2,1,2,1,4,5,4,4,1,4,1,2,2,4,5,2,5,4,4,2,2,2.93333333333333
"R_5rVffMsBwjBxttI",4,3,2,2,4,2,3,4,3,2,2,2,2,4,3,3,3,2,3,3,3,3,4,4,2,4,3,4,3,3,2.96666666666667
"R_6PHJ2KWPUjRpeb7",4,4,3,4,4,4,4,4,4,4,4,4,4,4,4,4,4,4,4,4,4,4,4,4,4,4,4,3,4,2,3.86666666666667
"R_1ByxdcDcAFYIHUm",3,2,1,1,4,3,5,4,4,3,1,2,3,4,5,5,4,3,4,1,2,3,4,5,2,2,3,4,2,3,3.06666666666667
"R_1Ya0cOGHwfG4HRq",3,4,4,4,3,3,3,2,4,2,3,3,3,3,4,3,2,2,2,3,3,4,1,3,3,3,3,5,3,3,3.03333333333333
"R_55AX9mNBTEpMqTK",5,4,3,4,5,4,4,5,4,3,4,4,4,4,4,5,5,4,4,2,4,4,4,4,4,4,4,5,3,4,4.03333333333333
"R_5ePlK0DXvkNIAOE",4,2,1,2,4,2,4,5,4,2,1,2,2,4,5,4,4,1,3,2,1,2,4,4,2,5,4,4,2,2,2.93333333333333
"R_5eQYqwIqKrWdWnr",4,4,2,2,2,5,2,3,4,2,2,3,2,4,4,2,3,1,4,2,1,2,4,4,2,4,3,4,5,1,2.9
"R_3dZaJNggSvlZfe7",4,4,3,4,4,4,4,4,4,4,3,3,3,3,4,3,4,2,4,4,4,4,4,3,3,3,4,4,3,3,3.56666666666667
"R_3kiEnofq1ydilqd",2,5,4,3,3,3,5,2,3,3,4,3,2,2,2,3,5,1,5,4,3,1,1,5,2,3,3,4,4,2,3.06666666666667
"R_3otLznU9Mjv3EOw",4,3,2,2,4,4,4,4,4,5,2,5,5,4,3,4,4,3,3,3,3,3,4,4,2,2,4,3,3,2,3.4
"R_6njg3OGBEiP8BAl",3,1,3,2,2,3,4,3,4,2,1,1,2,3,3,4,5,3,4,2,1,3,2,4,2,2,3,4,4,3,2.76666666666667
"R_1Q9Ic14XDJ0WJeT",2,2,2,3,2,3,4,4,4,2,1,2,2,5,4,4,5,1,5,1,1,1,5,5,2,4,4,4,2,2,2.93333333333333
"R_1g6H9bpeemzn2Ey",3,2,3,2,4,2,4,4,4,2,1,2,4,4,4,4,3,2,5,2,3,2,4,4,2,4,4,4,1,2,3.03333333333333
"R_6OPnJaJ7zm5qwsW",5,1,2,1,3,1,4,5,5,2,1,5,1,2,5,4,3,1,5,2,3,1,4,3,2,5,5,4,1,1,2.9
"R_6d3X2semYcfZzah",4,3,3,3,2,3,4,4,3,2,3,2,3,4,4,4,3,2,4,2,3,3,4,4,2,3,3,4,2,3,3.1
"R_3G0qnNaZxJN41s9",4,1,2,1,4,1,3,4,4,1,2,1,1,4,4,5,5,2,4,1,2,3,5,4,1,4,5,4,3,1,2.86666666666667
"R_3HtSz56NnEbZgFH",4,2,2,4,3,1,2,4,3,1,5,1,3,2,2,2,3,4,4,3,2,2,3,2,2,5,3,4,1,3,2.73333333333333
"R_5sBoPbDVLGGucl4",4,3,2,3,4,4,4,5,4,3,2,3,3,5,4,4,4,3,4,4,3,3,4,4,3,3,4,3,3,3,3.5
"R_6A89ny4xCsitc6R",5,5,3,3,4,4,4,4,4,5,3,4,5,3,4,4,4,3,4,4,4,3,5,4,3,4,4,4,4,3,3.9
"R_6vZC2n3E8MH60yJ",5,4,5,3,4,5,5,4,4,5,2,5,5,3,4,4,4,4,2,5,3,4,4,4,1,3,4,5,5,1,3.86666666666667
"R_1tTi3nQnh16312F",4,4,3,2,3,3,4,4,3,3,2,4,4,2,4,3,4,2,4,4,4,3,3,2,2,4,2,3,4,2,3.16666666666667
"R_58VxdOOr1q4Emjv",3,5,2,4,4,2,2,2,1,4,3,2,2,1,4,2,1,3,3,3,5,2,1,4,4,5,2,2,3,2,2.76666666666667
"R_7lR9TGRHqZMbUzL",4,2,2,2,5,1,5,5,5,1,2,2,2,4,4,4,4,2,4,2,2,2,4,5,1,5,5,5,1,1,3.1
"R_5CPIDhHhcVO1ksY",4,2,2,2,4,4,4,4,4,4,3,4,4,2,4,4,4,2,4,4,4,4,3,4,2,4,4,4,3,4,3.5
"R_5dEmQAxc6pREwrk",4,2,2,2,3,2,4,3,3,2,2,2,2,2,2,2,4,2,4,4,2,2,2,2,2,4,2,4,2,2,2.56666666666667
"R_5riQTcKu04YrJ8Q",5,1,2,3,5,1,4,5,4,1,1,2,1,4,4,5,5,1,4,1,2,1,4,5,1,4,4,5,1,2,2.93333333333333
"R_62SeFKMsQtZrCAI",4,4,3,2,4,4,4,4,4,4,3,4,4,2,4,4,4,3,4,4,4,4,2,3,3,3,4,2,4,3,3.5
"R_7lB7EleGEuIrzlD",5,3,4,4,3,2,3,3,3,2,4,2,4,5,3,2,2,4,3,2,2,3,3,2,4,3,4,2,2,3,3.03333333333333
"R_1f4fdJ2VCj3UYzn",3,5,4,5,4,5,3,4,4,5,3,5,4,1,1,1,1,5,1,5,5,5,1,1,5,2,1,3,4,5,3.36666666666667
"R_1xy1RTRzxBTeVqO",4,3,3,3,4,3,3,3,3,3,3,4,3,3,4,3,3,3,3,3,3,3,3,4,3,3,3,3,3,3,3.16666666666667
"R_33qLyeV42ekHH4t",5,2,2,2,4,2,5,5,5,1,2,2,2,4,4,3,4,2,4,3,2,1,4,4,1,4,4,4,2,3,3.06666666666667
"R_3dQZwswfqhpZQGd",5,3,3,3,4,3,3,3,3,3,3,2,3,3,3,3,3,3,3,3,3,3,3,3,3,2,3,3,2,3,3
"R_5B2PbRLXHku3vb1",5,4,1,3,5,3,5,5,5,3,3,5,5,4,4,4,5,5,4,2,1,4,3,5,3,4,5,5,4,3,3.9
"R_11k0kQCRPxWQxAR",4,3,2,4,5,4,4,5,5,4,4,3,4,4,5,4,4,3,4,4,4,4,4,4,3,4,4,4,4,4,3.93333333333333
"R_1Poo6RkrQbYcd7V",5,2,1,2,5,2,5,4,5,2,1,2,1,4,5,4,5,2,5,2,1,2,5,5,2,5,4,5,2,1,3.2
"R_1jY5VJbZTLJJ4A1",3,4,4,4,3,3,3,2,4,2,3,3,3,3,4,3,2,2,2,3,3,4,1,3,3,3,3,5,3,3,3.03333333333333
"R_7CrP3g0qXU9EKnQ",5,2,3,4,4,4,5,5,4,4,3,2,4,4,4,5,4,4,4,2,4,4,4,4,3,4,4,4,4,4,3.83333333333333
"R_3U4rqMUIErVMXn1",5,4,2,2,5,4,4,4,5,4,3,5,5,3,4,5,5,4,4,3,4,3,3,4,2,4,4,4,4,3,3.83333333333333
"R_3ZE7RNkQ8B4x1Ix",4,2,2,1,4,2,4,4,4,1,2,1,1,4,4,2,4,2,4,2,2,2,4,3,1,4,5,5,1,1,2.73333333333333
"R_3ZHVJ8aHP590SgT",3,3,2,3,5,2,3,3,4,1,2,1,1,4,5,4,4,2,4,2,2,4,3,5,1,4,3,4,4,4,3.06666666666667
"R_7QXbr2n5EJdFLrH",1,5,5,3,4,5,3,3,3,5,5,5,5,1,4,4,4,2,4,5,5,5,1,1,3,1,1,1,5,5,3.46666666666667
"R_7VaK6xQgUyVsAvf",5,1,1,2,4,2,5,5,5,2,2,2,2,5,5,5,4,2,4,2,1,1,5,4,1,5,5,4,2,1,3.13333333333333
"R_338BJaBwbGh1qQv",5,1,2,1,4,1,4,4,5,2,1,1,2,4,4,5,5,1,5,2,2,1,5,3,2,4,5,5,2,2,3
"R_39gFtnOa6brbk7s",4,4,3,4,4,5,4,4,3,4,3,4,5,2,4,4,4,3,4,5,4,4,4,4,3,4,4,4,5,4,3.9
"R_5RkXHvlLA9F4UE1",4,4,4,4,4,4,4,4,4,4,4,4,4,4,4,4,4,4,3,4,4,4,4,4,4,2,4,4,4,4,3.9
"R_6E5y9wklvMsvTvI",5,2,4,1,1,2,1,4,5,2,4,5,1,5,3,4,2,2,1,2,1,4,4,1,3,5,2,3,2,1,2.73333333333333
"R_3ZI8R002zUSw8Kd",3,3,3,3,3,3,3,3,3,3,3,3,3,3,3,3,3,3,3,3,3,3,3,3,3,3,3,3,3,3,3
"R_5OOeuSwF3NoDGmJ",5,4,3,3,4,4,4,4,4,4,4,4,4,4,4,3,4,2,4,4,4,3,4,4,3,4,3,4,4,3,3.73333333333333
"R_6rGcfY3BsgI3pOZ",4,4,2,2,4,4,4,4,4,4,3,2,4,3,4,4,4,3,4,3,2,3,3,4,3,4,4,3,3,4,3.43333333333333
"R_7g60wvmZzpv6ev9",5,1,1,1,5,1,5,5,4,1,1,1,2,4,4,4,3,2,4,1,2,2,4,5,1,5,5,4,2,1,2.86666666666667
"R_1iiqgW8jryQPdfj",4,4,3,4,4,4,4,4,4,4,4,4,4,4,4,4,4,5,4,5,4,4,4,4,3,3,4,3,4,4,3.93333333333333
"R_1rGlj7eQohXJD3c",1,4,3,5,4,4,3,2,3,4,2,5,3,3,1,4,2,2,2,2,4,2,2,2,3,2,4,2,2,5,2.9
"R_3LnbHZtm8ZSm47Q",4,4,2,2,4,3,2,4,4,2,4,3,4,3,4,3,4,3,4,2,4,4,4,4,2,4,4,4,3,4,3.4
"R_6KpxWcTLOt4UajG",3,4,4,4,3,3,3,2,4,2,3,3,3,3,4,3,2,2,2,3,3,4,1,3,3,3,3,5,3,3,3.03333333333333
"R_7Eji2ZMJKXWSYfq",4,5,3,3,4,4,3,4,4,4,5,3,4,3,4,4,3,2,4,4,3,4,4,4,2,2,2,2,4,3,3.46666666666667
"R_1NvKKT5Pv3LrK93",5,1,1,1,4,1,5,4,5,1,2,1,1,4,5,5,4,1,4,1,2,1,4,5,2,5,5,4,1,1,2.86666666666667
"R_1mepv2xHZUkNedA",5,3,5,2,2,1,5,3,3,5,5,2,2,2,2,5,5,1,3,3,3,5,1,4,2,4,2,2,4,5,3.2
"R_3rpFBgzWe95J0GH",5,4,4,4,5,4,4,5,4,4,2,4,4,4,4,4,4,4,5,4,5,4,5,4,4,5,4,4,4,4,4.16666666666667
"R_50YyzeQlUHj3UWM",3,3,3,3,3,3,3,3,3,3,3,3,3,3,3,3,3,3,3,3,3,3,3,3,3,3,3,3,3,3,3
"R_9hzKMhAV7cJGjkT",3,1,2,3,3,2,4,5,4,1,1,1,1,5,5,5,5,1,4,2,2,2,4,3,2,5,5,5,1,1,2.93333333333333
"R_3iTmEmgEHHLZlEB",3,2,1,2,3,1,4,5,5,2,3,3,3,4,4,5,5,2,3,1,3,1,4,5,2,4,3,5,2,1,3.03333333333333
"R_5h2uGwyjVuwxqBX",4,2,2,2,4,2,4,5,5,2,2,2,3,4,5,4,4,3,4,2,2,2,4,4,2,4,4,3,2,1,3.1
"R_6dgzoAjUW24zQ8o",3,3,3,3,3,3,3,5,5,1,4,3,3,3,3,5,5,1,3,3,2,3,3,3,2,3,4,4,2,3,3.13333333333333
"R_7ezOqN7pg8PVBgR",5,4,2,1,5,2,5,5,5,1,1,4,4,2,5,4,5,4,5,2,4,4,4,5,4,4,4,4,2,4,3.66666666666667
"R_17ya2KUMdAB4Z5O",3,2,3,1,2,2,3,2,2,2,4,2,2,4,4,4,3,1,4,2,2,2,4,2,3,2,3,4,2,2,2.6
"R_63POuFAgIQIzehj",5,4,1,1,2,4,5,4,2,2,4,2,2,5,4,2,2,1,4,2,5,5,5,4,2,1,2,4,4,5,3.16666666666667
"R_7pPHt5MLl0UHRY0",5,2,3,1,5,3,5,4,5,3,2,1,2,1,4,5,4,3,5,2,4,1,3,5,2,4,2,5,2,1,3.13333333333333
"R_7yfcCCzqH4aTTTX",4,3,1,3,4,1,3,5,3,1,3,4,1,1,4,2,4,3,4,1,1,1,5,5,2,3,3,5,1,5,2.86666666666667
"R_1Pz1l6tqGYwdi4p",4,4,4,4,4,4,4,4,4,4,4,4,4,4,4,4,4,4,4,4,4,4,4,4,4,2,4,4,4,4,3.93333333333333
"R_3PTNchgrczSxV7t",4,4,3,4,4,4,4,4,5,4,4,4,5,4,4,4,5,4,4,2,4,4,4,4,4,4,4,4,4,3,3.96666666666667
"R_3f77OOIuCsmWwxS",4,2,3,3,2,3,3,3,3,3,3,3,3,3,3,3,3,3,3,3,3,3,3,3,3,3,3,3,3,3,2.96666666666667
"R_3qrqL0OiTuaSL9w",4,4,2,2,4,2,3,3,3,2,2,4,4,2,3,4,3,4,2,3,2,2,3,2,4,4,2,4,2,2,2.9
"R_7yfHXO3TTW5y0k3",5,3,1,3,5,5,5,5,5,3,3,3,3,3,3,3,3,3,3,3,3,3,3,3,3,3,5,5,3,3,3.46666666666667
"R_77I0m2ExmdUP138",5,2,2,2,4,1,5,5,4,2,1,1,1,4,5,4,4,2,4,1,1,1,4,4,1,5,4,5,1,1,2.86666666666667
"R_1D6xR48qcL2tTNK",3,3,4,3,2,3,3,2,2,2,3,3,3,3,3,3,2,3,2,4,3,3,3,4,3,5,2,4,2,3,2.93333333333333
"R_1DOzGq64U2tGnLF",5,4,4,4,3,3,2,4,4,3,4,2,2,2,4,3,2,2,5,3,3,4,3,4,2,4,4,4,2,2,3.23333333333333
"R_7kczJBoueHOm2M0",3,3,3,4,3,4,2,2,2,3,3,4,3,2,4,4,3,4,2,4,4,5,2,4,2,2,3,3,3,3,3.1
"R_5Zu1O96PzO2EGkN",4,4,4,4,3,2,2,3,3,1,4,2,2,1,3,2,3,2,3,3,2,1,3,2,1,2,3,4,2,4,2.63333333333333
"R_3P0cFiIHsojpsZ9",4,3,4,5,3,3,3,3,3,3,3,4,4,2,2,3,1,4,1,5,2,4,1,4,4,1,3,2,5,2,3.03333333333333
"R_5CkNaTen0WtTNju",5,3,2,3,5,2,4,4,5,2,4,3,3,4,5,3,4,3,4,4,4,5,5,5,3,3,4,3,3,5,3.73333333333333
"R_56GdiL109c0yVsR",2,2,4,5,2,4,4,2,4,3,4,3,3,3,2,2,1,2,2,2,3,3,2,2,1,4,3,2,2,3,2.7
